frame,trace_ms,gather_ms,net_wall_ms,net_gpu_ms,net_commit_ms,net_wait_ms,demod_ms,present_ms,total_ms
1,0.8772,16.8620,0.0406,0.0000,0.0127,0.0000,0.2120,1.1230,19.1148
2,1.0772,30.7203,248.7310,13.4186,0.0099,248.6931,0.2510,0.1003,280.8799
3,0.1162,13.8847,0.0351,13.1475,0.0085,0.0015,0.2300,0.0910,14.3570
4,0.1868,13.2295,49.5601,5.9181,0.0103,49.5189,0.2938,6.4042,69.6745
5,0.1683,11.8938,3.9273,8.9705,0.0049,3.9047,0.2575,0.0958,16.3427
6,0.1920,12.6173,1.8317,7.0818,0.0077,1.8044,0.2822,0.1080,15.0312
7,0.1370,10.8221,14.2483,5.4424,0.0033,14.2282,0.3216,0.0949,25.6238
8,0.2044,13.3237,3.9958,5.8427,0.0056,3.9677,0.2033,0.0759,17.8030
9,0.1467,14.7317,14.6134,8.1103,0.0069,14.5831,0.2743,0.0790,29.8450
10,0.1083,10.4466,0.0296,6.6267,0.0079,0.0014,0.2257,0.0612,10.8714
11,0.1134,10.8665,13.6173,5.3567,0.0075,13.5799,5.9058,0.0757,30.5788
12,0.2999,10.9581,27.4696,6.0844,0.0140,27.4286,0.2417,0.0770,39.0464
13,0.1033,10.8483,0.0389,4.9086,0.0126,0.0019,0.2259,0.0943,11.3105
14,0.1741,12.7925,4.0054,5.1978,0.0132,3.9572,0.2530,0.0912,17.3161
15,0.1753,16.3795,34.7433,5.1236,0.0040,34.7230,0.2324,0.0698,51.6002
16,0.1362,11.4387,0.0312,5.1250,0.0082,0.0017,0.2169,0.0746,11.8977
17,0.1248,18.8492,0.0273,4.7924,0.0062,0.0011,0.2440,0.0722,19.3175
18,0.1321,13.2463,19.7657,12.0187,0.0132,19.7134,0.2564,0.0769,33.4775
19,0.1242,12.1063,0.0289,8.0015,0.0062,0.0013,0.2144,0.0603,12.5341
20,0.1560,13.6860,4.3420,5.2158,0.0187,4.2950,0.2517,0.0851,18.5209
21,0.1447,24.6694,0.0361,5.2617,0.0096,0.0013,0.2456,0.0880,25.1839
22,0.1805,18.0547,0.0318,5.3235,0.0070,0.0013,0.1966,0.0648,18.5284
23,0.4721,15.1708,8.2001,4.7385,0.0155,8.1486,0.2561,0.0974,24.1965
24,0.1790,12.7251,0.0287,6.8965,0.0074,0.0015,0.2075,0.0970,13.2373
25,0.1603,18.7862,0.0302,4.7566,0.0070,0.0014,0.1905,0.0658,19.2330
26,0.1267,12.9475,18.0067,11.1900,0.0137,17.9551,0.2790,0.0639,31.4238
27,0.1118,11.6782,0.0416,10.1120,0.0125,0.0014,0.2639,0.0981,12.1936
28,0.1878,13.7540,4.8866,5.2629,0.0134,4.8522,0.2337,0.0805,19.1426
29,0.2092,21.3873,0.0321,7.6174,0.0084,0.0015,0.2350,0.0700,21.9336
30,0.1840,14.7806,7.5937,14.1839,0.0138,7.5531,0.3075,0.1040,22.9698
31,0.1171,25.7455,0.5274,13.4329,0.0209,0.4590,0.2458,0.0701,26.7059
32,0.1957,14.7085,8.3582,13.9032,0.0071,8.3280,0.2418,0.0671,23.5713
33,0.1778,18.7722,0.0311,9.5261,0.0071,0.0006,0.2782,0.0673,19.3265
34,0.1914,14.8086,7.3692,13.3848,0.0094,7.3305,0.2770,0.0811,22.7274
35,0.1709,25.5210,2.6326,12.3734,0.0090,2.6020,0.2442,0.0840,28.6528
36,0.1748,20.8544,0.0526,5.3872,0.0221,0.0017,0.2883,0.0897,21.4597
37,0.2207,19.5845,3.8318,4.9855,0.0073,3.7992,0.2793,0.0857,24.0020
38,0.1991,14.7871,12.3453,14.3575,0.0070,12.3113,0.2777,0.0744,27.6837
39,0.1973,13.9128,8.8725,11.7285,0.0061,8.8433,0.3275,0.0887,23.3987
40,0.1517,15.1381,0.0411,6.7509,0.0127,0.0014,0.2960,0.0982,15.7251
41,0.1536,22.5689,0.0354,4.8910,0.0081,0.0014,0.2782,0.0848,23.1209
42,0.2040,15.0331,7.8859,10.7474,0.0150,7.8413,0.3703,0.0851,23.5785
43,0.1761,18.5680,0.0308,9.4105,0.0071,0.0014,0.2450,0.0636,19.0834
44,0.1842,15.3952,6.9857,12.7364,0.0145,6.9494,0.2572,0.0655,22.8879
45,0.1585,23.2742,9.4778,5.5196,0.0145,9.4039,0.2746,0.0772,33.2624
46,0.1870,15.3151,0.0928,6.1719,0.0438,0.0022,0.1839,0.0921,15.8709
47,0.2865,19.7117,0.0446,4.8903,0.0131,0.0018,0.2885,0.0930,20.4243
48,0.1963,15.9385,6.5195,10.3702,0.0051,6.4964,0.2385,0.1009,22.9937
49,0.1657,27.8384,0.0502,10.8784,0.0137,0.0022,0.3243,0.1083,28.4869
50,0.2277,16.0237,6.3661,10.8787,0.0148,6.3203,0.2794,0.0670,22.9640
51,0.1743,26.4320,1.1736,8.4607,0.0118,1.1330,0.2138,0.0833,28.0770
52,0.2202,22.5048,0.0478,5.7324,0.0126,0.0018,0.3010,0.0948,23.1687
53,0.2084,23.1052,0.0381,4.9020,0.0076,0.0018,0.2870,0.0729,23.7115
54,0.1810,14.3904,19.9071,10.1850,0.0094,19.8705,0.3009,0.0779,34.8573
55,0.1488,13.4377,0.0429,8.1352,0.0089,0.0016,0.2428,0.0900,13.9622
56,0.2179,15.7599,8.3328,12.6881,0.0100,8.3034,0.3596,0.0760,24.7462
57,0.1995,20.2256,0.0452,10.0340,0.0117,0.0015,0.2594,0.1060,20.8358
58,0.1803,16.0820,10.4375,12.8301,0.0075,10.4027,0.3109,0.0821,27.0929
59,0.2205,15.9457,0.0390,7.9656,0.0114,0.0017,0.2722,0.1006,16.5780
60,0.2556,20.1186,0.0353,4.8358,0.0078,0.0018,0.2607,0.0658,20.7360
61,0.1767,22.8550,0.0382,4.8700,0.0092,0.0021,0.2985,0.0808,23.4490
62,0.2039,15.7527,15.3393,11.8999,0.0120,15.2878,0.3079,0.0765,31.6802
63,0.2287,15.9793,0.0330,11.0584,0.0082,0.0018,0.2979,0.0855,16.6244
64,0.2077,15.5504,7.3485,15.8214,0.0104,7.3040,0.3108,0.1006,23.5180
65,0.1975,26.5053,1.4217,5.1673,0.0138,1.3715,0.3350,0.0790,28.5385
66,0.1950,16.3065,6.6422,9.7007,0.0083,6.6011,0.3075,0.0845,23.5357
67,0.1844,20.8032,0.0367,8.6155,0.0095,0.0016,0.2998,0.0969,21.4210
68,0.2184,16.3804,9.7489,10.2928,0.0085,9.7027,0.4154,0.1176,26.8806
69,0.2530,15.7278,0.0312,7.3285,0.0072,0.0016,0.2507,0.0565,16.3192
70,0.2559,16.6999,6.1766,9.5169,0.0118,6.1298,0.3695,0.1138,23.6158
71,0.2408,14.3724,0.0594,8.3254,0.0277,0.0018,0.2459,0.0953,15.0137
72,0.2960,16.3920,11.2949,16.0999,0.0096,11.2531,0.3199,0.0790,28.3818
73,0.2267,16.3431,0.0353,7.9107,0.0108,0.0008,0.2515,0.1573,17.0138
74,0.2243,16.7196,6.2725,9.8458,0.0066,6.2433,0.4790,0.1124,23.8078
75,0.2376,20.2265,0.0416,8.5193,0.0089,0.0018,0.3074,0.0849,20.8980
76,0.2532,16.5337,8.1337,5.9833,0.0094,8.0896,0.4839,0.1493,25.5538
77,0.2487,16.8207,0.0451,8.0804,0.0123,0.0021,0.3202,0.1060,17.5406
78,0.2367,22.6555,0.0755,6.2133,0.0199,0.0031,0.6302,0.1646,23.7625
79,0.3405,17.4894,0.0430,4.7999,0.0101,0.0020,0.3259,0.1027,18.3015
80,0.2955,17.1354,6.1033,9.4418,0.0242,5.9781,0.2803,0.1293,23.9437
81,0.2276,21.7494,0.2110,8.1509,0.0209,0.0064,0.5483,0.1692,22.9055
82,0.3086,18.4456,0.1062,4.8774,0.0251,0.0073,0.6693,0.1797,19.7094
83,0.2455,21.5592,0.0910,4.8927,0.0219,0.0029,0.6435,0.2727,22.8118
84,0.3871,16.5590,0.0356,4.7837,0.0093,0.0016,0.2723,0.0907,17.3447
85,0.2450,19.6944,0.0328,4.7458,0.0065,0.0018,0.3400,0.1120,20.4243
86,0.2113,19.8765,4.4828,5.1085,0.0130,4.4300,0.4458,0.1150,25.1315
87,0.2395,20.8813,0.0434,6.2636,0.0090,0.0023,0.3806,0.1062,21.6510
88,0.2780,16.9350,8.2401,5.4596,0.0363,8.1556,0.3216,0.0795,25.8542
89,0.1787,17.3334,0.0318,6.5823,0.0079,0.0016,0.2870,0.0813,17.9121
90,0.2806,16.6653,6.2071,7.2665,0.0242,6.1107,0.4578,0.1353,23.7461
91,0.2675,19.7810,0.0811,8.3867,0.0203,0.0029,0.4904,0.1686,20.7886
92,0.1971,20.6220,0.1250,4.7961,0.0280,0.0026,0.8980,0.3455,22.1877
93,0.1530,19.1630,0.0951,4.7589,0.0268,0.0027,1.0819,0.4814,20.9744
94,0.2895,16.7990,4.3571,5.4447,0.0121,4.3182,0.3162,0.0948,21.8566
95,0.2770,19.2790,0.0392,7.3451,0.0135,0.0016,0.2880,0.0812,19.9643
96,0.2478,23.1255,0.0960,5.2605,0.0315,0.0021,0.5372,0.1686,24.1751
97,0.5923,21.9237,0.0864,4.7932,0.0225,0.0023,0.5455,0.1765,23.3244
98,0.2444,16.6455,3.3778,5.5053,0.0113,3.3212,0.3422,0.0864,20.6963
99,0.2715,17.4062,0.0448,6.7130,0.0101,0.0018,0.3107,0.0986,18.1319
100,0.1815,17.2749,9.5467,10.8716,0.0091,9.5034,0.3582,0.1030,27.4642
101,0.2413,19.2978,0.0454,7.9440,0.0083,0.0018,0.2779,0.0730,19.9354
102,0.2148,17.6519,9.3117,8.4536,0.0077,9.2630,0.4700,0.1161,27.7645
103,0.3032,18.1656,0.0387,7.3612,0.0079,0.0021,0.2959,0.1231,18.9265
104,0.2619,17.9387,4.8969,5.2046,0.0344,4.7834,0.4294,0.1156,23.6425
105,0.2661,20.7080,0.2151,7.1417,0.0183,0.0030,0.5894,0.1883,21.9670
106,0.3152,22.0088,0.0883,4.7589,0.0263,0.0025,0.6455,0.1739,23.2318
107,0.2294,16.0098,0.0429,4.7758,0.0108,0.0021,0.3249,0.0987,16.7056
108,0.3319,19.2010,0.1117,4.7950,0.0284,0.0026,0.6120,0.1847,20.4413
109,0.2449,27.3235,0.1096,4.8541,0.0202,0.0052,5.4705,0.1941,33.3427
110,0.3616,18.1026,15.4591,13.4816,0.0113,15.4095,0.3360,0.0853,34.3447
111,0.2125,18.6000,0.0407,10.7382,0.0101,0.0015,0.2863,0.0973,19.2367
112,0.2810,18.2546,2.7348,5.2156,0.0083,2.7026,0.3058,0.0880,21.6642
113,0.2047,21.3042,12.8006,12.9925,0.0100,12.7641,0.2782,0.0937,34.6815
114,0.2101,18.0302,0.0406,6.7812,0.0080,0.0027,0.2870,0.0822,18.6501
115,0.1683,27.0061,0.0372,4.9611,0.0085,0.0015,0.2809,0.0842,27.5766
116,0.2180,18.6979,8.0465,14.2548,0.0065,8.0132,0.3739,0.0872,27.4234
117,0.1875,23.0626,0.0491,9.1479,0.0140,0.0020,0.3422,0.1083,23.7498
118,0.2223,18.7542,7.4532,11.4020,0.0114,7.4138,0.4348,0.1415,27.0060
119,0.2344,20.9140,0.0721,8.4625,0.0180,0.0023,0.8272,0.1629,22.2105
120,0.2420,18.5700,6.4966,4.8591,0.0227,6.3691,0.7160,0.4486,26.4731
121,0.1947,21.1688,0.1066,6.8945,0.0291,0.0060,0.5673,0.1684,22.2058
122,0.2630,18.8485,3.1818,4.7394,0.0147,3.1279,0.3385,0.0915,22.7232
123,0.2256,25.2953,0.0870,6.6709,0.0239,0.0024,0.8646,0.1746,26.6471
124,0.4461,24.1761,0.0395,4.9130,0.0087,0.0021,0.3030,0.1164,25.0811
125,0.2063,25.4488,0.0418,4.9886,0.0097,0.0020,0.2976,0.0835,26.0780
126,0.2160,18.4481,10.1306,13.5735,0.0098,10.0623,0.3217,0.0811,29.1975
127,0.1665,20.9874,0.0367,8.1062,0.0091,0.0023,0.3475,0.0951,21.6331
128,0.3165,18.3570,6.4055,9.1423,0.0129,6.3451,0.2751,0.0701,25.4243
129,0.3037,22.3535,0.0408,8.0107,0.0103,0.0017,0.3021,0.1016,23.1017
130,0.2287,18.4741,8.6813,12.6999,0.0250,8.5819,0.4050,0.1040,27.8931
131,0.2927,18.3514,0.0330,7.8246,0.0067,0.0018,0.2435,0.0757,18.9963
132,0.2630,18.3133,6.6634,11.1086,0.0205,6.5764,0.3545,0.0974,25.6916
133,0.2489,22.5236,0.1017,8.5683,0.0268,0.0029,0.9206,0.2211,24.0159
134,0.3516,18.4787,3.3196,5.1448,0.0274,3.2210,0.7321,0.1816,23.0637
135,0.2448,21.6238,0.4276,6.3012,0.1228,0.0038,0.6748,0.1830,23.1539
136,0.4931,24.2510,0.0822,7.2176,0.0246,0.0021,0.5959,0.1578,25.5801
137,0.3633,22.1336,0.0490,4.7828,0.0120,0.0025,0.3867,0.1278,23.0604
138,0.2391,17.8761,3.8578,5.2066,0.0119,3.8044,0.3056,0.0791,22.3577
139,0.2685,17.5738,0.0395,7.0050,0.0092,0.0019,0.3032,0.0850,18.2700
140,0.2687,17.9680,7.6059,13.5316,0.0066,7.5702,0.2757,0.0794,26.1977
141,0.1579,23.0386,1.3481,9.2026,0.0103,1.3037,0.3069,0.1037,24.9553
142,0.3193,20.8085,5.1145,5.5793,0.0212,5.0200,0.3575,0.1011,26.7009
143,0.3022,22.8429,0.1418,6.5214,0.0843,0.0027,0.9259,0.2269,24.4397
144,0.5008,21.4769,0.1118,4.8766,0.0194,0.0055,0.6173,0.2785,22.9853
145,0.4082,22.3741,0.0934,4.8821,0.0281,0.0026,0.7887,0.3037,23.9681
146,0.3486,23.4703,0.0869,4.7845,0.0219,0.0028,0.5447,0.1640,24.6146
147,0.3746,20.1149,0.0488,4.7764,0.0154,0.0020,0.3684,0.1005,21.0073
148,0.3109,18.5111,12.5071,9.2526,0.0283,12.3985,1.0004,0.2303,32.5598
149,0.4528,16.4685,0.1014,7.5434,0.0283,0.0032,0.6399,0.1638,17.8263
150,0.2519,23.7119,0.0873,5.0549,0.0202,0.0025,0.6614,0.3952,25.1078
151,0.3928,22.4080,0.0427,4.7533,0.0112,0.0018,0.2945,0.0923,23.2303
152,0.2662,18.2553,6.3450,10.1404,0.0124,6.3033,0.3718,0.0895,25.3276
153,0.2166,20.2697,0.0391,8.4576,0.0098,0.0018,0.2905,0.1372,20.9531
154,0.2433,15.1285,8.0638,11.8241,0.0113,8.0275,0.5653,0.1679,24.1688
155,0.2175,18.9845,0.0545,9.4115,0.0162,0.0023,0.4329,0.0894,19.7788
156,0.2988,15.1597,6.7208,9.7429,0.0152,6.6574,0.6932,0.4507,23.3233
157,0.3296,16.7915,0.0836,8.4689,0.0187,0.0024,0.6584,0.1793,18.0423
158,0.2605,14.5570,7.9646,4.8030,0.0089,7.9173,3.0341,0.0800,25.8962
159,0.2318,12.8189,0.0334,6.9706,0.0107,0.0016,0.2788,0.0685,13.4314
160,0.2288,14.4088,8.5229,12.8549,0.0257,8.4331,0.2992,0.0824,23.5420
161,0.3565,16.3441,0.0355,9.2399,0.0086,0.0014,0.2655,0.0810,17.0826
162,0.2982,14.1081,8.6523,8.2948,0.0251,8.5648,0.2724,0.0758,23.4067
163,0.2979,16.2199,0.0539,7.9587,0.0137,0.0028,0.4144,0.1208,17.1069
164,0.2315,18.5317,2.9005,6.4220,0.0513,2.6775,0.6545,0.1685,22.4867
165,0.5407,16.7157,0.1723,5.5721,0.0219,0.0917,0.6019,0.1730,18.2038
166,0.3392,18.3329,0.0859,4.8094,0.0221,0.0025,18.9246,2.6662,40.3490
167,0.2254,20.5948,0.0304,5.0928,0.0088,0.0019,0.4690,0.0745,21.3941
168,0.1881,22.1279,0.0833,14.8331,0.0203,0.0027,0.4851,0.1628,23.0472
169,0.1628,20.6571,0.0410,5.3553,0.0117,0.0018,0.2640,0.4150,21.5397
170,0.2256,13.3298,10.7542,10.0710,0.0088,10.7198,0.3165,0.1064,24.7325
171,0.1546,13.3225,0.0301,7.8669,0.0079,0.0014,0.2288,0.0735,13.8093
172,0.1298,12.6473,8.5223,14.5225,0.0071,8.4933,0.2680,0.0825,21.6499
173,0.2686,18.0865,6.0637,5.4060,0.0092,6.0196,0.3408,0.0802,24.8398
174,0.1636,16.3591,0.0330,6.5340,0.0071,0.0018,0.3446,0.1187,17.0191
175,0.1895,20.7135,0.0360,4.9188,0.0092,0.0012,0.2777,0.0870,21.3037
176,0.1764,12.7749,7.8392,10.1856,0.0107,7.7980,0.3191,0.0778,21.1873
177,0.1781,18.3499,0.0810,9.4364,0.0213,0.0054,0.5392,0.1627,19.3108
178,0.4698,13.9279,0.0791,4.7587,0.0198,0.0023,0.6882,0.1719,15.3370
179,0.3860,13.9785,0.0418,4.8198,0.0087,0.0016,0.3545,0.1028,14.8636
180,0.3019,14.3861,0.0368,4.9166,0.0088,0.0017,0.2674,0.0770,15.0693
181,0.1541,17.7729,3.5357,4.8162,0.0132,3.4855,0.3513,0.0943,21.9084
182,0.2663,13.0778,19.5942,11.6903,0.0145,19.5365,0.4382,0.1028,33.4793
183,0.2396,10.9038,0.0376,8.2119,0.0099,0.0022,0.2351,0.0926,11.5088
184,0.2347,11.4452,19.1992,8.4966,0.0139,19.1525,0.3447,0.0978,31.3216
185,0.1711,10.6195,0.0326,11.2505,0.0075,0.0018,0.2718,0.0710,11.1659
186,0.2315,12.8237,3.4403,5.1824,0.0140,3.4020,0.2797,0.0794,16.8546
187,0.1523,21.7523,0.0330,7.1354,0.0089,0.0016,0.3004,0.0885,22.3264
188,0.2788,12.7131,9.5175,10.8097,0.0109,9.4744,0.2850,0.0697,22.8641
189,0.2059,15.8917,0.0333,8.5450,0.0081,0.0020,0.2930,0.0795,16.5034
190,0.2522,12.9471,7.7770,10.6867,0.0064,7.7480,0.2988,0.0777,21.3528
191,0.1978,16.8863,0.0339,9.2003,0.0099,0.0017,0.2786,0.0790,17.4756
192,0.2536,12.7419,9.0105,7.1804,0.0137,8.9633,0.4789,0.1480,22.6329
193,0.2097,13.7811,0.0500,7.9334,0.0114,0.0024,0.3838,0.1093,14.5340
194,0.2836,12.3048,8.8460,6.3164,0.0400,8.7314,0.4406,0.1190,21.9941
195,0.1920,15.4000,0.0905,8.8610,0.0261,0.0025,5.3512,0.2075,21.2412
196,0.2536,13.4960,0.2274,4.7718,0.0249,0.0034,0.7466,0.3769,15.1005
197,0.2545,15.3337,0.0896,4.7525,0.0239,0.0027,0.5867,0.1562,16.4208
198,0.2257,17.0781,0.0426,5.0125,0.0130,0.0017,0.3269,0.0883,17.7616
199,0.5348,20.9352,0.0911,4.8451,0.0246,0.0023,0.6635,0.1869,22.4115
200,0.5853,16.2995,0.0960,4.7464,0.0265,0.0026,3.6355,0.1964,20.8128
201,0.2195,21.9440,0.5108,6.0449,0.0115,0.4694,0.2963,0.1003,23.0710
202,0.2532,12.7453,1.1493,5.2613,0.0090,1.1113,0.3219,0.0959,14.5657
203,0.2080,20.3872,0.0342,5.5501,0.0077,0.0018,0.3873,0.1398,21.1566
204,0.1882,19.3459,0.0392,5.4102,0.0091,0.0022,0.3607,0.0990,20.0329
205,0.1849,21.0633,0.0436,4.8590,0.0103,0.0019,0.3715,0.2092,21.8725
206,0.2614,13.7677,8.8867,5.0594,0.0250,8.7941,0.4233,0.1185,23.4576
207,0.2060,12.8585,0.0494,6.4259,0.0145,0.0024,0.3723,0.1102,13.5963
208,0.2292,12.9752,9.6620,8.8012,0.0225,9.5635,0.3605,0.1097,23.3367
209,0.1735,13.3488,0.0467,7.4271,0.0117,0.0021,0.3534,0.1015,14.0238
210,0.1918,16.7727,6.5249,8.4604,0.0092,6.4083,0.3307,0.1145,23.9345
211,0.2311,13.3780,0.0582,6.1607,0.0151,0.0024,0.4410,0.1625,14.2708
212,0.2102,18.7884,0.0843,6.0051,0.0205,0.0026,0.6215,0.2439,19.9483
213,0.5406,19.1492,0.0346,4.8250,0.0071,0.0016,0.2727,0.0788,20.0760
214,0.1951,12.3855,8.3757,10.2421,0.0103,8.3368,0.3676,0.1245,21.4485
215,0.1938,15.7568,0.0920,9.5075,0.0200,0.0023,0.6386,0.2342,16.9154
216,0.9643,15.8949,0.0758,4.7520,0.0195,0.0031,0.5780,0.1576,17.6706
217,0.2994,11.0222,0.0563,4.7476,0.0151,0.0026,0.3158,0.0933,11.7869
218,0.1798,13.1455,11.8398,8.5264,0.0129,11.7829,0.3789,0.1076,25.6516
219,0.2118,11.4875,0.0371,8.5540,0.0101,0.0017,0.2747,0.0810,12.0920
220,0.2088,11.0740,5.3912,5.2860,0.0089,5.3535,0.3610,0.1087,17.1437
221,0.1829,14.0283,7.9417,7.9642,0.0169,7.8927,0.3496,0.1081,22.6106
222,0.2684,11.4477,1.7740,6.5149,0.0079,1.7434,0.3336,0.1001,13.9240
223,0.1921,14.4815,8.2737,5.3246,0.0234,8.2111,0.3547,0.0982,23.4002
224,0.2997,9.5422,3.1870,6.5389,0.0143,3.1386,0.3145,0.1015,13.4448
225,0.2335,13.1954,7.6869,6.0461,0.0167,7.6211,0.3279,0.1044,21.5481
226,0.2075,10.1783,1.3608,6.1773,0.0085,1.3262,0.3200,0.1291,12.1956
227,0.2250,15.3337,0.0279,5.5986,0.0073,0.0015,0.2587,0.0804,15.9256
228,0.2743,10.8311,7.5948,9.0596,0.0120,7.5438,0.3236,0.1322,19.1561
229,0.2074,14.5595,0.0338,9.1355,0.0074,0.0018,0.2986,0.0879,15.1872
230,0.2013,10.9829,7.9240,9.1026,0.0212,7.8455,0.3357,0.0935,19.5374
231,0.3002,14.9578,0.0800,8.9827,0.0208,0.0027,0.6295,0.1923,16.1598
232,0.4033,13.9624,0.0986,4.7419,0.0313,0.0023,5.3655,0.1175,19.9474
233,0.2073,14.0603,0.0465,4.7926,0.0113,0.0021,0.4248,0.0981,14.8370
234,0.3051,11.1714,8.5437,7.9058,0.0115,8.5030,0.3528,0.0995,20.4725
235,0.1583,10.0205,11.9702,9.6254,0.0224,11.8797,0.4273,0.1424,22.7186
236,0.2325,9.1042,0.0424,6.9716,0.0118,0.0021,0.3004,0.0930,9.7725
237,0.2844,13.2577,0.0384,5.6031,0.0093,0.0017,0.2842,0.0851,13.9498
238,0.2540,10.6258,7.6527,8.0779,0.0155,7.6069,0.3598,0.1266,19.0190
239,0.1815,11.5680,5.9537,9.2795,0.0125,5.9094,0.3645,0.0927,18.1604
240,0.2140,10.3826,1.8822,6.3330,0.0093,1.8477,0.2945,0.1010,12.8742
241,0.2664,13.2643,7.7913,6.0450,0.0071,7.7563,0.4452,0.1170,21.8842
242,0.2252,10.3601,0.0435,6.3233,0.0102,0.0020,0.3388,0.0921,11.0597
243,0.3119,11.0890,4.2557,4.7887,0.0069,4.2263,0.2498,0.0678,15.9742
244,0.1945,10.3941,8.3705,7.2562,0.0078,8.3349,0.3806,0.1265,19.4662
245,0.2897,11.2465,0.0369,6.7128,0.0085,0.0022,0.3157,0.0942,11.9830
246,0.3532,13.7241,7.2055,4.9829,0.0353,7.0854,2.7724,0.1633,24.2185
247,0.2940,8.7313,0.0484,5.1381,0.0130,0.0026,0.4001,0.1260,9.5999
248,0.3603,10.6223,2.0361,5.2444,0.0103,1.9847,0.3670,0.1161,13.5018
249,0.2056,14.4074,5.4035,5.9927,0.0303,5.2811,0.8534,0.1805,21.0503
250,0.2629,10.8121,0.0370,6.0338,0.0089,0.0015,0.3194,0.0948,11.5262
251,0.2853,16.3998,0.0894,4.7981,0.0233,0.0064,0.5568,0.2835,17.6147
252,0.3700,15.4480,0.0492,4.7629,0.0135,0.0021,0.3912,0.1162,16.3746
253,0.2617,17.1183,0.0582,4.8349,0.0135,0.0023,0.4390,0.1153,17.9926
254,0.1933,12.6650,9.0135,7.3309,0.0203,8.9245,0.3222,0.1222,22.3163
255,0.2413,9.7376,0.0472,6.4407,0.0113,0.0015,0.2953,0.0962,10.4176
256,0.2884,10.5275,3.1259,5.1919,0.0093,3.0888,0.3217,0.0929,14.3564
257,0.2367,16.9638,0.0483,6.4148,0.0132,0.0056,0.3770,0.0824,17.7082
258,0.2838,10.1937,12.3968,9.8143,0.0064,12.3607,0.3879,0.0893,23.3514
259,0.1527,10.6894,0.0358,8.0519,0.0091,0.0017,0.4315,0.1047,11.4141
260,0.2250,14.1339,0.0415,4.9774,0.0090,0.0011,0.2910,0.0894,14.7807
261,0.1999,17.5640,0.0353,4.8670,0.0073,0.0017,0.2502,0.0853,18.1348
262,0.2648,10.3648,8.2411,9.7935,0.0083,8.1999,0.2981,0.0872,19.2560
263,0.2232,14.7160,0.0847,9.4358,0.0120,0.0069,0.2587,0.0997,15.3822
264,0.2789,10.3930,5.4980,6.1865,0.0072,5.4515,0.3704,0.1209,16.6612
265,0.1823,12.9871,17.1837,8.4961,0.0134,17.1380,0.3314,0.0821,30.7665
266,0.1712,8.5709,0.0299,6.7663,0.0078,0.0017,0.2287,0.0710,9.0718
267,0.2100,12.1507,0.0359,4.7993,0.0081,0.0017,0.2562,0.0849,12.7376
268,0.2205,10.3437,8.7556,10.2592,0.0098,8.7078,0.3514,0.1285,19.7996
269,0.2278,13.7113,0.0345,9.6968,0.0086,0.0018,0.2870,0.0812,14.3418
270,0.2069,10.3614,10.7201,9.4413,0.0185,10.6654,0.2995,0.0990,21.6870
271,0.1830,13.0675,0.0598,10.0086,0.0140,0.0024,0.3757,0.0878,13.7737
272,0.2776,10.8880,9.7872,7.5078,0.0115,9.7370,0.3514,0.1395,21.4437
273,0.2266,11.3391,0.0364,7.9315,0.0075,0.0018,0.2230,0.0971,11.9222
274,0.2074,10.4283,5.3801,5.3135,0.0270,5.3262,0.2429,0.0767,16.3355
275,0.1654,12.9519,17.8167,11.1656,0.0047,17.7954,0.2990,0.0736,31.3066
276,0.1181,8.4775,0.0382,6.8201,0.0084,0.0014,0.2432,0.0891,8.9661
277,0.2024,11.6935,0.0326,5.4803,0.0071,0.0013,0.2364,0.0704,12.2354
278,0.1921,10.3110,12.2136,9.8496,0.0069,12.1815,0.3071,0.0722,23.0960
279,0.1794,11.2878,0.0300,8.0291,0.0069,0.0011,0.2618,0.0710,11.8300
280,0.3005,10.3395,4.6470,5.2004,0.0093,4.6183,0.3012,0.0971,15.6854
281,0.1984,15.1912,1.6751,7.5231,0.0558,1.5726,0.3201,0.0881,17.4730
282,0.1954,10.2779,6.9220,6.8081,0.0098,6.8893,0.2945,0.0866,17.7764
283,0.1905,14.8556,0.0411,8.5016,0.0105,0.0018,0.3150,0.1090,15.5112
284,0.2163,9.7313,14.7380,7.4845,0.0087,14.7020,0.3107,0.0778,25.0742
285,0.2068,8.5652,0.0270,6.4126,0.0060,0.0015,0.2093,0.0641,9.0724
286,0.2127,10.3656,2.4496,5.5948,0.0064,2.4158,0.2843,0.0905,13.4028
287,0.2566,8.6840,18.9123,6.8418,0.0119,18.8627,0.3325,0.0933,28.2788
288,0.2011,8.7964,0.0332,8.9861,0.0090,0.0015,0.2516,0.0752,9.3576
289,0.2524,13.4307,0.0313,4.8996,0.0073,0.0012,0.2473,0.0788,14.0406
290,0.2170,10.2234,11.3418,9.5864,0.0083,11.2996,0.2891,0.0789,22.1503
291,0.1931,10.4638,0.0424,8.1081,0.0120,0.0013,0.3220,0.0972,11.1184
292,0.2497,10.6987,3.1939,5.1895,0.0097,3.1523,0.2775,0.0967,14.5165
293,0.2025,14.0948,6.5072,6.7916,0.0126,6.4682,0.2741,0.0730,21.1517
294,0.1655,10.4326,2.8843,6.7521,0.0080,2.8556,0.2678,0.0799,13.8300
295,0.2302,17.4193,0.0294,6.6180,0.0069,0.0016,0.2532,0.0766,18.0088
296,0.1952,11.0378,12.0241,8.7865,0.0085,11.9880,0.2965,0.0772,23.6308
297,0.1921,9.7463,0.0404,7.3852,0.0100,0.0015,0.3398,0.1023,10.4209
298,0.2533,10.3192,2.1496,5.1384,0.0128,2.1021,0.2795,0.0732,13.0748
299,0.1773,18.1045,0.0339,6.2391,0.0085,0.0018,0.2761,0.0778,18.6696
300,0.2392,10.2301,11.4409,8.4627,0.0090,11.4053,0.3576,0.0919,22.3597
301,0.2291,9.0454,0.0505,7.9996,0.0118,0.0022,0.3262,0.0772,9.7284
302,0.2107,10.3616,3.6391,5.4356,0.0076,3.5994,0.3026,0.1268,14.6408
303,0.2583,13.9103,2.2179,6.8936,0.0132,2.1751,0.3500,0.0873,16.8237
304,0.2062,10.4481,5.7786,6.3182,0.0064,5.7274,0.2908,0.1120,16.8356
305,0.1656,15.9577,0.0305,8.1625,0.0064,0.0016,0.2389,0.0756,16.4683
306,0.2296,10.2326,6.0899,5.1886,0.0070,6.0523,0.2901,0.0935,16.9356
307,0.2168,13.0157,2.6679,7.5400,0.0068,2.6349,0.2795,0.0925,16.2725
308,0.2602,10.4480,3.0760,5.5887,0.0085,3.0373,0.3147,0.0827,14.1815
309,0.2321,16.6363,0.0855,6.6381,0.0271,0.0026,0.5149,0.2608,17.7295
310,0.2361,12.9076,9.4824,7.4786,0.0093,9.4363,0.3305,0.0953,23.0518
311,0.2491,8.3198,0.0387,6.4452,0.0097,0.0019,0.2679,0.0802,8.9557
312,0.4232,9.6737,8.4742,9.4220,0.0061,8.4432,0.3075,0.0984,18.9769
313,0.2069,15.3372,0.0326,9.7532,0.0084,0.0016,0.2648,0.1072,15.9486
314,0.2005,9.8599,8.3986,9.2120,0.0105,8.3520,0.3276,0.0876,18.8742
315,0.2303,13.8972,0.0308,9.5765,0.0083,0.0015,0.2670,0.0794,14.5047
316,0.2125,9.9991,11.9020,9.1632,0.0127,11.8517,1.0569,0.1871,23.3576
317,0.3922,8.3209,0.0991,7.9624,0.0202,0.0026,1.2497,0.1617,10.2235
318,0.2550,8.6893,0.0474,5.1910,0.0112,0.0016,0.3424,0.1014,9.4354
319,0.2495,10.2919,11.7549,4.9745,0.0067,11.7188,0.7033,0.4512,23.4507
320,0.3097,8.4575,0.1050,9.4247,0.0186,0.0024,0.5528,0.1564,9.5813
321,0.2220,14.2900,0.0853,5.0228,0.0192,0.0027,0.7554,0.1676,15.5203
322,0.2943,15.5130,0.0367,5.3817,0.0076,0.0018,0.2795,0.1163,16.2397
323,0.2363,12.9771,5.3690,4.7906,0.0265,5.2483,0.4815,0.1372,19.2011
324,0.2590,8.7927,4.2924,6.2395,0.0085,4.2562,0.3772,0.1092,13.8305
325,0.1982,13.2800,6.2100,7.3315,0.0086,6.1725,0.3078,0.0830,20.0790
326,0.3805,9.9041,1.2235,6.3775,0.0147,1.1744,0.2542,0.0759,11.8382
327,0.2097,11.9485,6.0889,5.5440,0.0080,6.0572,0.3903,0.1178,18.7551
328,0.2211,10.1568,1.5630,6.4100,0.0087,1.5214,0.2639,0.0866,12.2915
329,0.2174,12.9487,6.1728,5.8476,0.0114,6.1260,0.3256,0.0944,19.7589
330,0.2082,9.8505,2.4152,6.4744,0.0136,2.3638,0.3167,0.0860,12.8766
331,0.2102,12.4723,6.5974,6.2012,0.0067,6.5610,0.3302,0.1012,19.7113
332,0.1839,10.0829,2.3173,6.7529,0.0125,2.2714,0.4131,0.1200,13.1172
333,0.2629,17.0016,0.0798,7.7143,0.0121,0.0035,0.2538,0.0821,17.6802
334,0.1697,10.6607,12.6710,11.1995,0.0101,12.6044,0.3363,0.1037,23.9413
335,0.2345,9.8519,0.0427,8.7865,0.0120,0.0020,0.2759,0.0887,10.4937
336,0.2528,9.8062,3.5581,5.2895,0.0075,3.5169,0.3329,0.1046,14.0546
337,0.2094,12.7436,7.8128,6.8340,0.0144,7.7661,0.3474,0.1217,21.2349
338,0.2278,10.3606,0.0426,6.2566,0.0114,0.0017,0.3152,0.1020,11.0483
339,0.2102,11.1389,4.7415,5.1146,0.0092,4.7006,0.3001,0.0755,16.4663
340,0.2219,9.9237,5.2269,7.5590,0.0157,5.1773,0.3358,0.1004,15.8087
341,0.1956,12.1991,5.9852,7.4704,0.0128,5.9357,0.3509,0.0958,18.8266
342,0.1943,8.5245,5.3399,6.6925,0.0086,5.3045,0.3893,0.1150,14.5629
343,0.1983,12.3078,6.4412,7.9531,0.0095,6.4015,0.3494,0.0900,19.3867
344,0.2881,12.2208,0.1778,6.5211,0.1185,0.0025,0.8402,0.2120,13.7388
345,0.2026,15.3269,0.0330,4.9060,0.0087,0.0016,0.2722,0.0798,15.9145
346,0.3168,9.9024,5.1588,5.2150,0.0092,5.1093,0.3607,0.0840,15.8227
347,0.2028,15.0339,0.0317,7.7019,0.0072,0.0013,0.2145,0.0585,15.5415
348,0.2176,9.8718,7.3382,9.6782,0.0282,7.2771,0.2962,0.0910,17.8147
349,0.2089,13.5673,13.5999,5.2353,0.0156,13.5245,0.3549,0.1013,27.8324
350,0.2101,8.3614,0.0340,7.3800,0.0087,0.0020,0.2698,0.0907,8.9662
351,0.2154,11.0775,0.8122,4.7450,0.0149,0.7434,0.2584,0.1145,12.4780
352,0.1640,14.6047,4.3223,5.6556,0.0105,4.2750,0.2543,0.0750,19.4204
353,0.1547,12.0950,3.2821,5.6719,0.0096,3.2465,0.2825,0.0764,15.8906
354,0.2095,9.5945,11.5425,10.5818,0.0113,11.4945,0.3234,0.0835,21.7533
355,0.1674,12.1567,14.5669,5.2281,0.0075,14.5168,0.2274,0.0846,27.2029
356,0.1444,8.1793,0.0312,7.0004,0.0080,0.0014,0.2437,0.0682,8.6668
357,0.2065,11.2643,0.0432,4.7869,0.0097,0.0014,0.2637,0.0917,11.8695
358,0.1970,9.5873,18.4973,10.1542,0.0098,18.4553,0.3099,0.1081,28.6995
359,0.1356,8.3674,0.0314,10.4792,0.0087,0.0016,0.2448,0.0684,8.8477
360,0.2643,9.9720,1.9183,5.4322,0.0070,1.8899,0.2465,0.0816,12.4828
361,0.1604,10.9130,13.7444,5.4502,0.0077,13.7085,0.2486,0.0810,25.1475
362,0.1701,9.0654,0.0420,7.3991,0.0077,0.0017,0.2306,0.0634,9.5715
363,0.2085,12.9492,0.0315,4.8471,0.0106,0.0013,0.2455,0.0810,13.5157
364,0.1723,10.0675,11.4805,11.5252,0.0082,11.4395,0.3440,0.0725,22.1367
365,0.1662,11.6960,0.0546,9.6960,0.0080,0.0013,0.2383,0.0711,12.2262
366,0.2181,9.6779,5.5378,5.2983,0.0054,5.5077,0.2779,0.0733,15.7850
367,0.1723,15.7924,0.0274,8.0719,0.0066,0.0015,0.2146,0.0601,16.2667
368,0.1649,9.5110,9.4865,10.1710,0.0091,9.4419,0.3080,0.0698,19.5402
369,0.1443,14.9081,0.0270,10.5361,0.0067,0.0015,0.2998,0.0720,15.4512
370,0.1852,8.8515,11.5043,11.8139,0.0073,11.4777,0.2895,0.0815,20.9119
371,0.1501,8.3510,3.9591,9.6128,0.0079,3.9146,0.2995,0.0907,12.8504
372,0.1815,9.5193,6.1118,7.1841,0.0085,6.0787,0.3050,0.0833,16.2008
373,0.1885,13.5000,0.0309,6.8326,0.0077,0.0015,0.2720,0.0790,14.0704
374,0.2435,9.5326,12.4332,8.8025,0.0096,12.3862,0.2430,0.0740,22.5264
375,0.2128,8.4720,0.0336,7.3021,0.0092,0.0019,0.2438,0.0808,9.0430
376,0.2542,8.5728,4.8464,5.1934,0.0080,4.8133,0.2581,0.0912,14.0227
377,0.2082,13.3833,0.0635,5.7924,0.0053,0.0268,0.2658,0.1023,14.0231
378,0.2079,17.0602,0.0281,6.6861,0.0067,0.0016,0.3019,0.0749,17.6729
379,0.1970,17.5001,0.0387,4.8514,0.0083,0.0019,0.3112,0.0871,18.1341
380,0.2218,9.3486,9.1162,9.1549,0.0100,9.0750,0.2677,1.5870,20.5412
381,0.1895,10.5261,0.1794,9.5562,0.1126,0.0030,0.6203,5.4594,16.9748
382,0.2505,8.2522,9.2220,4.8034,0.0199,9.1343,0.5746,0.1500,18.4492
383,0.1848,8.9832,0.0321,6.0679,0.0083,0.0019,0.2701,0.0835,9.5538
384,0.5207,9.9854,0.6786,5.1676,0.0200,0.5398,0.6380,0.1761,11.9987
385,0.3608,10.1590,0.0367,4.7639,0.0089,0.0019,0.3044,0.0970,10.9579
386,0.3240,9.4372,11.4995,7.5047,0.0131,11.4487,0.3208,0.0830,21.6644
387,0.1840,8.9959,0.0411,7.3270,0.0153,0.0018,0.2837,0.0791,9.5839
388,0.2479,9.5452,2.2104,5.3300,0.0129,2.1644,0.2810,0.0854,12.3698
389,0.2017,15.7626,0.0855,5.7472,0.0079,0.0540,0.2414,0.0761,16.3673
390,0.3473,11.1883,10.4603,7.5594,0.0125,10.4151,0.3580,0.0870,22.4408
391,0.2632,9.8339,0.0267,7.0382,0.0064,0.0016,0.2378,0.0641,10.4257
392,0.1874,9.5670,3.8195,5.2248,0.0263,3.7215,1.0311,0.0760,14.6810
393,0.1872,9.4142,10.2153,6.8305,0.0137,10.1654,0.3884,0.1265,20.3315
394,0.2437,9.6281,0.0353,6.7920,0.0090,0.0017,0.2848,0.0799,10.2718
395,0.2041,13.5615,0.0805,4.7487,0.0185,0.0023,11.2756,0.2687,25.3905
396,0.1900,7.6235,0.0298,5.3226,0.0072,0.0015,0.2102,0.0795,8.1330
397,0.5031,9.1402,0.0878,4.8251,0.0190,0.0030,0.6976,0.1905,10.6192
398,0.2237,12.5734,8.4387,4.7426,0.0130,8.3970,0.3394,0.1118,21.6869
399,0.1990,8.7323,0.0444,5.0846,0.0136,0.0013,0.2874,0.0897,9.3527
400,0.2448,9.6124,0.8508,5.1801,0.0127,0.8122,0.2488,0.0786,11.0355
401,0.2121,11.6341,8.0702,5.2827,0.0259,7.9688,0.3282,0.0856,20.3302
402,0.2320,9.4957,0.0631,6.3221,0.0097,0.0014,0.2784,0.0935,10.1627
403,0.2290,11.5987,3.0500,4.7908,0.0081,3.0196,0.2786,0.0828,15.2391
404,0.1907,9.5815,6.2000,6.6462,0.0083,6.1594,0.2853,0.1491,16.4066
405,0.2275,11.7928,6.5537,8.6801,0.0097,6.5154,0.3375,0.0895,19.0009
406,0.2464,9.5452,1.8853,6.5100,0.0086,1.8520,0.2638,0.0800,12.0208
407,0.2140,14.4299,0.0356,5.9039,0.0085,0.0018,0.2832,0.1068,15.0695
408,0.2442,9.4767,8.6873,7.9205,0.0138,8.6472,0.2977,0.0975,18.8034
409,0.2180,9.4235,6.6345,9.2316,0.0087,6.6015,0.2960,0.0952,16.6672
410,0.2135,9.4374,1.4793,6.6746,0.0093,1.4399,0.2628,0.0819,11.4748
411,0.2036,14.5408,0.0288,5.7012,0.0070,0.0013,0.2660,0.0740,15.1131
412,0.1947,9.4712,8.1341,8.6503,0.0098,8.0980,0.3284,0.0864,18.2149
413,0.2366,13.8676,0.0912,9.4596,0.0271,0.0020,0.5988,0.1893,14.9835
414,0.2881,7.9315,0.0235,4.7877,0.0055,0.0014,0.2374,0.0673,8.5478
415,0.1473,18.0378,0.2886,4.8345,0.2191,0.0034,0.6199,0.1593,19.2529
416,0.1923,8.1186,0.0365,4.9050,0.0082,0.0055,0.2755,0.0821,8.7050
417,0.2067,16.0868,9.9123,4.8706,0.0231,9.8101,0.5115,0.0970,26.8143
418,0.1975,8.1192,0.0286,5.2013,0.0070,0.0016,0.2485,0.1876,8.7814
419,0.2199,11.0499,0.0763,4.7684,0.0209,0.0022,0.5340,0.2248,12.1049
420,0.2939,9.7564,1.2299,4.8355,0.0240,1.1436,0.7345,0.1635,12.1782
421,0.1846,7.8123,0.0428,5.3544,0.0092,0.0023,0.3406,0.1009,8.4812
422,0.2230,8.5360,5.3923,5.2086,0.0200,5.3077,0.4098,0.1150,14.6761
423,0.2304,10.3965,1.2957,5.8410,0.0126,1.2472,0.2645,0.1497,12.3367
424,0.2330,9.4905,5.7374,5.5227,0.0087,5.6907,0.3348,0.0937,15.8895
425,0.1806,14.9482,0.0395,8.0594,0.0083,0.0014,0.2938,0.1237,15.5859
426,0.1746,13.7447,6.4592,7.2549,0.0144,6.4005,0.4394,0.0943,20.9121
427,0.2188,14.5168,0.1230,7.1282,0.0297,0.0028,0.2686,0.0618,15.1890
428,0.1715,13.7731,4.2692,7.4304,0.0161,4.2168,0.3920,0.1128,18.7185
429,0.2597,14.9287,0.0474,7.4030,0.0126,0.0022,0.3564,0.1085,15.7007
430,0.2373,9.4321,9.2098,7.5377,0.0195,9.1464,0.2379,0.1133,19.2304
431,0.2159,11.3887,0.1060,8.6036,0.0564,0.0037,0.3078,0.1080,12.1263
432,0.2955,9.4674,5.4355,5.3070,0.0111,5.3916,0.3186,0.0847,15.6018
433,0.2443,12.2764,13.6314,10.6627,0.0105,13.5877,0.3058,0.0902,26.5482
434,0.2757,8.3097,0.0304,6.6916,0.0065,0.0013,0.2324,0.0703,8.9185
435,0.2088,8.1825,6.6560,4.7822,0.0076,6.6175,0.2908,0.0821,15.4202
436,0.2107,9.2307,3.1313,7.0625,0.0090,3.0950,0.2862,0.0842,12.9432
437,0.2136,12.3508,6.1011,6.6478,0.0113,6.0585,0.2993,0.0997,19.0645
438,0.2505,9.0297,2.1103,6.3653,0.0084,2.0785,0.3051,0.1012,11.7969
439,0.2490,13.2015,2.5550,5.9309,0.0110,2.5088,0.3132,0.1009,16.4195
440,0.2168,9.3880,5.2616,5.6856,0.0140,5.2116,0.3151,0.1211,15.3027
441,0.2551,11.1298,6.8755,7.7984,0.0110,6.8368,0.3436,0.1012,18.7053
442,0.1946,8.9903,2.4455,6.6987,0.0217,2.3810,0.4327,0.0924,12.1556
443,0.2502,13.5042,0.7280,5.9225,0.0087,0.6916,0.2873,0.0850,14.8547
444,0.1925,9.8224,11.0522,8.7791,0.0154,11.0072,0.1674,0.0716,21.3060
445,0.1523,11.8724,0.0518,9.4345,0.0209,0.0025,0.2515,0.0763,12.4043
446,0.2552,9.5300,5.9902,5.3275,0.0086,5.9505,0.3229,0.0905,16.1888
447,0.1570,15.1134,0.0446,8.1990,0.0135,0.0017,0.2882,0.0808,15.6840
448,0.1922,9.3835,9.7581,9.0956,0.0107,9.7161,0.3516,0.0925,19.7780
449,0.2370,12.4534,0.0527,9.5064,0.0174,0.0019,0.3410,0.1026,13.1867
450,0.2084,9.3810,7.4679,7.4769,0.0105,7.4250,0.3562,0.1023,17.5157
451,0.2527,13.1438,0.0376,9.0279,0.0118,0.0018,0.2948,0.0844,13.8134
452,0.1753,9.5754,12.6250,8.4408,0.0094,12.5835,0.3332,0.0857,22.7947
453,0.2207,7.9491,0.0489,7.2081,0.0159,0.0019,0.2879,0.1011,8.6077
454,0.3119,9.8819,0.0479,5.1925,0.0091,0.0018,0.2929,0.0759,10.6105
455,0.2336,11.6747,7.2043,4.8349,0.0073,7.1684,0.3642,0.1085,19.5854
456,0.2445,9.4228,2.0873,7.0530,0.0090,2.0501,0.4081,0.0826,12.2453
457,0.2133,11.5089,3.4332,6.1502,0.0101,3.3988,0.2203,0.0724,15.4482
458,0.2107,8.8348,11.4637,11.3883,0.0118,11.4128,0.4078,0.1016,21.0186
459,0.2432,8.1761,0.0826,8.2389,0.0238,0.0027,0.5442,0.3341,9.3802
460,0.2214,8.6329,8.3435,5.0077,0.0318,8.2700,0.4610,0.1422,17.8010
461,0.2032,10.1835,0.0988,6.7004,0.0234,0.0027,0.5006,0.1401,11.1262
462,0.1871,10.1110,3.4202,4.8032,0.0109,3.3745,0.3085,0.1051,14.1319
463,0.1854,9.0487,9.6752,5.4963,0.0100,9.6273,0.3178,0.0904,19.3175
464,0.2504,9.8977,0.0372,6.7594,0.0089,0.0020,0.3505,0.0865,10.6224
465,0.2460,9.6037,4.5223,4.7412,0.0084,4.4814,0.3160,0.2158,14.9037
466,0.2772,9.3075,11.4461,7.8535,0.0101,11.4043,0.3214,0.0814,21.4336
467,0.2266,9.8089,0.0323,8.2318,0.0080,0.0018,0.2559,0.0807,10.4045
468,0.1930,9.3930,3.1213,5.1360,0.0065,3.0889,0.2998,0.0811,13.0882
469,0.1607,16.6733,0.1120,6.8280,0.0097,0.0740,0.3094,0.0783,17.3336
470,0.2297,9.4756,7.7993,7.7892,0.0085,7.7615,0.4440,0.1040,18.0525
471,0.2491,13.1190,0.0646,9.1373,0.0280,0.0031,0.3292,0.1115,13.8733
472,0.2240,9.6068,10.0837,7.4442,0.0077,10.0446,0.3395,0.0925,20.3466
473,0.2032,10.5986,0.0351,8.2919,0.0073,0.0018,0.2832,0.0730,11.1930
474,0.2302,9.3079,6.3717,5.1512,0.0120,6.3366,0.3397,0.0803,16.3298
475,0.2039,12.3392,0.0312,6.8905,0.0073,0.0013,0.2527,0.0777,12.9048
476,0.2217,8.6968,9.5536,6.6873,0.0084,9.5173,0.3752,0.1118,18.9590
477,0.1984,8.6085,5.6670,9.3014,0.0075,5.6346,0.2794,0.0710,14.8243
478,0.2035,8.1947,5.5344,6.3211,0.0070,5.5011,0.3107,0.0798,14.3230
479,0.2461,16.0741,0.0378,7.9555,0.0096,0.0017,0.3002,0.0867,16.7448
480,0.2251,9.3745,8.1273,8.7266,0.0175,8.0777,0.3235,0.0870,18.1373
481,0.2526,12.2455,0.3455,9.3578,0.0103,0.2996,0.2709,0.0791,13.1935
482,0.2315,9.0435,11.0244,5.4679,0.0111,10.9759,0.3545,0.0918,20.7458
483,0.1841,9.7553,0.0402,6.4046,0.0104,0.0016,0.3029,0.0923,10.3747
484,0.2574,9.3218,3.3416,5.3143,0.0090,3.3068,0.2790,0.0817,13.2815
485,0.2123,9.9538,10.6963,6.8006,0.0087,10.6539,0.3305,0.0788,21.2717
486,0.2425,8.7439,0.0358,7.6190,0.0105,0.0017,0.2372,0.0827,9.3420
487,0.2275,8.8828,7.7042,4.8080,0.0089,7.6628,0.3072,0.0867,17.2084
488,0.2500,9.1980,1.6133,6.6778,0.0095,1.5709,0.2788,0.1119,11.4520
489,0.2491,10.5458,5.5141,5.7897,0.0125,5.4685,0.3705,0.0622,16.7418
490,0.2489,8.8703,2.4990,6.3448,0.0137,2.4471,0.3355,0.0907,12.0445
491,0.2023,12.8274,2.6099,6.3000,0.0077,2.5806,0.3360,0.1051,16.0807
492,0.2664,9.4210,4.8946,5.7298,0.0083,4.8655,0.2665,0.0989,14.9475
493,0.1982,11.9889,4.3327,7.6149,0.0122,4.2922,0.3562,0.1018,16.9777
494,0.2334,9.6642,2.5715,6.1994,0.0139,2.5195,0.3416,0.0965,12.9071
495,0.2164,9.0466,11.7132,6.3839,0.0121,11.6623,0.3013,0.0804,21.3580
496,0.2139,8.3088,0.0575,8.0469,0.0129,0.0023,0.3577,0.1083,9.0461
497,0.2276,12.1856,0.0455,4.7987,0.0139,0.0019,0.3173,0.0890,12.8650
498,0.2225,8.0971,23.2288,7.8879,0.0123,23.1824,0.3119,0.0867,31.9471
499,0.1901,7.6317,0.0364,8.7039,0.0083,0.0019,0.2593,0.0736,8.1912
500,0.1846,9.6200,0.0395,5.1203,0.0087,0.0016,0.2919,0.0810,10.2170
501,0.1829,13.0180,3.9482,4.9761,0.0120,3.8991,0.2764,0.0725,17.4980
502,0.2202,9.3423,1.3500,6.1026,0.0073,1.3188,0.2465,0.0725,11.2314
503,0.2051,13.6615,7.7167,5.6996,0.0083,7.6853,0.2738,0.0727,21.9299
504,0.1943,9.7890,0.0326,6.2305,0.0077,0.0015,0.2605,0.0856,10.3620
505,0.2337,12.9125,0.0331,4.7737,0.0080,0.0019,0.2760,0.0783,13.5335
506,0.2473,9.4407,8.8342,7.8983,0.0122,8.7939,0.3250,0.0841,18.9313
507,0.1961,8.9250,6.0130,8.7902,0.0078,5.9828,0.2630,0.0713,15.4684
508,0.1992,8.1390,6.3739,6.4456,0.0095,6.3308,0.2590,0.0684,15.0394
509,0.1638,15.7679,0.0328,8.2996,0.0083,0.0016,0.3037,0.0940,16.3622
510,0.2447,8.6358,9.3628,7.3727,0.0059,9.3255,0.3983,0.1182,18.7599
511,0.2811,10.2398,0.5639,9.3763,0.0100,0.5191,0.3710,0.1130,11.5688
512,0.3327,9.5195,4.7913,5.5626,0.0148,4.7477,0.2789,0.0929,15.0153
513,0.3035,12.2927,4.0947,7.6044,0.0112,4.0498,0.2957,0.0815,17.0681
514,0.2541,9.5732,2.4994,6.2027,0.0135,2.4527,0.4306,0.1300,12.8873
515,0.2059,12.1240,4.8585,6.3414,0.0133,4.8129,0.4376,0.1226,17.7487
516,0.2062,9.3590,2.6339,6.2626,0.0104,2.5973,0.2656,0.1698,12.6343
517,0.2885,9.8224,9.4346,6.6205,0.0131,9.3937,0.3781,0.1196,20.0432
518,0.2185,9.0936,0.0286,6.5264,0.0068,0.0018,0.2510,0.0775,9.6692
519,0.2103,13.5165,0.0523,4.7804,0.0139,0.0022,0.3952,0.1402,14.3144
520,0.2777,13.9338,4.9109,6.6690,0.0094,4.8696,0.2707,0.0805,19.4736
521,0.2009,8.4965,7.3037,5.8753,0.0089,7.2583,0.3569,0.1039,16.4619
522,0.2257,9.2330,1.5260,7.1377,0.0057,1.4948,0.1905,0.0555,11.2306
523,0.3162,11.3268,4.4630,5.6699,0.0079,4.4283,0.3317,0.1002,16.5379
524,0.2032,8.4288,5.2126,6.2067,0.0071,5.1810,0.3417,0.0907,14.2770
525,0.2078,12.6727,2.8341,7.4682,0.0099,2.8011,0.2843,0.0841,16.0829
526,0.2081,9.3194,4.8484,5.6798,0.0100,4.8140,0.2947,0.0785,14.7490
527,0.2071,14.6968,0.0312,7.5818,0.0075,0.0019,0.2858,0.0791,15.3000
528,0.2271,9.0759,8.1082,7.8739,0.0084,8.0710,0.3483,0.1095,17.8691
529,0.2342,9.1930,8.8787,9.3329,0.0103,8.8402,0.3266,0.0946,18.7271
530,0.2778,8.9775,0.0380,6.4360,0.0103,0.0020,0.2757,0.0875,9.6564
531,0.2132,13.9850,0.0381,5.9828,0.0090,0.0018,0.2997,0.0878,14.6238
532,0.2136,9.4904,6.9201,7.1213,0.0087,6.8859,0.2735,0.0810,16.9786
533,0.2072,12.5090,2.7643,8.6894,0.0097,2.7319,0.2708,0.0850,15.8363
534,0.2710,9.3898,4.2261,5.7485,0.0101,4.1856,0.4015,0.1117,14.4001
535,0.2360,13.6120,0.0351,7.1150,0.0095,0.0014,0.2329,0.0651,14.1811
536,0.1730,9.2826,12.1032,9.5387,0.0144,12.0486,0.4397,0.1236,22.1221
537,0.3016,7.7484,0.0397,8.1327,0.0086,0.0018,0.2700,0.0871,8.4468
538,0.2504,9.4141,1.9566,5.5883,0.0118,1.9083,0.3786,0.0830,12.0828
539,0.2985,10.9225,6.5272,5.9031,0.0083,6.4956,0.3410,0.0775,18.1668
540,0.2233,8.3840,2.8358,6.5558,0.0162,2.7849,0.3190,0.0757,11.8377
541,0.2188,11.8394,3.0314,5.9945,0.0145,2.9878,0.2847,0.0955,15.4698
542,0.2156,9.4127,5.9669,6.6114,0.0109,5.9240,0.2655,0.0895,15.9502
543,0.1950,11.3343,8.0437,8.1916,0.0074,8.0066,0.3603,0.0787,20.0121
544,0.2145,9.3193,0.0296,6.1443,0.0070,0.0017,0.2503,0.0772,9.8909
545,0.2250,12.4615,0.0328,4.7610,0.0089,0.0018,0.2472,0.0835,13.0500
546,0.2328,9.4768,10.2644,7.6928,0.0094,10.2267,0.3895,0.0923,20.4558
547,0.2690,9.8797,0.0350,8.1069,0.0102,0.0018,0.2820,0.0910,10.5568
548,0.2942,9.3933,2.8374,5.1956,0.0089,2.7981,0.3440,0.0999,12.9688
549,0.1814,14.0185,1.2148,6.5033,0.0146,1.1627,0.2445,0.1658,15.8250
550,0.2730,9.2704,6.5692,5.4078,0.0099,6.5270,0.3507,0.1125,16.5758
551,0.2247,10.7696,2.1064,7.4072,0.0200,2.0487,0.3013,0.0863,13.4883
552,0.2220,9.2148,6.2907,6.0390,0.0130,6.2449,0.3493,0.0983,16.1751
553,0.2537,12.8948,0.2840,8.2172,0.0129,0.2308,0.4301,0.1167,13.9793
554,0.2193,9.2720,8.5568,5.1595,0.0088,8.5169,0.4181,0.1289,18.5952
555,0.2844,10.4329,0.0448,7.2102,0.0110,0.0023,0.3549,0.1076,11.2245
556,0.3314,9.5382,3.4975,5.1868,0.0159,3.4558,0.3934,0.1028,13.8633
557,0.1863,8.7078,9.4982,6.7080,0.0124,9.4464,0.4745,0.1157,18.9824
558,0.1975,9.0548,0.0313,6.5105,0.0078,0.0016,0.2476,0.0761,9.6072
559,0.2135,11.5473,0.1023,5.4249,0.0137,0.0061,0.3320,0.1182,12.3132
560,0.2266,9.4390,7.0515,5.1480,0.0187,6.9948,0.3519,0.1113,17.1802
561,0.1725,7.6045,0.0359,7.7248,0.0080,0.0016,0.2807,0.0790,8.1726
562,0.1752,11.5869,9.9712,7.1614,0.0164,9.9241,0.3746,0.0837,22.1916
563,0.1990,9.7067,0.0500,6.3791,0.0076,0.0027,0.2544,0.0779,10.2880
564,0.2560,9.2999,4.1845,5.6031,0.0078,4.1545,0.2973,0.0807,14.1184
565,0.1887,14.9235,0.0334,7.2547,0.0084,0.0017,0.2860,0.0867,15.5183
566,0.2208,9.4515,9.4122,7.3094,0.0107,9.3769,0.4114,0.0865,19.5822
567,0.2543,10.8842,0.0286,8.0096,0.0075,0.0014,0.2331,0.0666,11.4668
568,0.1971,9.4574,5.8610,5.2426,0.0374,5.7549,0.2934,0.0809,15.8898
569,0.1871,12.1301,5.9495,8.1285,0.0123,5.9075,0.4290,0.1051,18.8008
570,0.2196,9.6311,0.0482,6.3984,0.0109,0.0021,0.3535,0.0888,10.3412
571,0.2552,12.5708,2.9209,4.7813,0.0126,2.8763,0.2607,0.0842,16.0917
572,0.2367,9.3446,5.7598,6.5840,0.0159,5.7153,0.4253,0.1292,15.8956
573,0.2001,11.9053,4.0198,8.3337,0.0099,3.9720,0.2825,0.0864,16.4940
574,0.2510,9.2669,3.6098,6.1572,0.0110,3.5713,0.2889,0.0769,13.4934
575,0.2474,11.2510,6.2186,6.8936,0.0122,6.1703,0.3837,0.1051,18.2059
576,0.2257,11.0168,0.0403,6.4962,0.0094,0.0019,0.2922,0.0776,11.6526
577,0.2459,14.1007,4.5287,4.9587,0.0105,4.4865,0.2819,0.0887,19.2460
578,0.2687,9.2183,3.4686,6.2414,0.0110,3.4340,0.3022,0.0926,13.3505
579,0.2210,9.1784,9.7174,6.9049,0.0128,9.6772,0.2858,0.0908,19.4933
580,0.1940,9.6943,0.0384,6.7432,0.0090,0.0017,0.2771,0.0870,10.2909
581,0.2240,9.1407,8.1568,4.8082,0.0102,8.1175,0.3282,0.1400,17.9898
582,0.2353,9.2640,0.0326,6.3314,0.0079,0.0016,0.2614,0.0918,9.8851
583,0.2252,10.8583,3.5102,4.7685,0.0112,3.4702,0.2806,0.1018,14.9760
584,0.2084,9.3020,4.3187,5.8908,0.0141,4.2811,0.2520,0.0872,14.1683
585,0.1800,13.1789,2.5142,7.1483,0.0194,2.4643,0.2927,0.0855,16.2513
586,0.1861,9.3303,5.7043,6.2521,0.0131,5.6570,0.2845,0.0867,15.5919
587,0.2445,8.5080,10.2910,8.0709,0.0107,10.2564,0.3219,0.1044,19.4698
588,0.2373,8.6662,0.0305,6.7239,0.0069,0.0018,0.2555,0.0949,9.2843
589,0.2252,12.4613,0.0844,4.7650,0.0300,0.0026,0.2712,0.0949,13.1371
590,0.3151,8.6205,12.0228,6.0301,0.0129,11.9746,0.3543,0.0897,21.4025
591,0.2425,8.5959,0.0350,6.6775,0.0097,0.0020,0.2673,0.0891,9.2297
592,0.3448,8.6608,2.6360,5.1285,0.0118,2.5970,0.2624,0.0813,11.9853
593,0.2174,13.5884,0.7944,5.3385,0.0108,0.7522,0.3010,0.0973,14.9985
594,0.2315,8.1720,9.9026,5.8473,0.0071,9.8710,0.3470,0.0923,18.7454
595,0.2219,11.1889,0.0476,9.2380,0.0150,0.0023,0.3478,0.0981,11.9043
596,0.2786,9.3773,5.8361,5.2199,0.0151,5.7947,0.3324,0.0983,15.9227
597,0.2082,8.5671,9.2765,7.4442,0.0083,9.2439,0.3388,0.0906,18.4813
598,0.2912,9.1391,0.0300,6.6773,0.0082,0.0016,0.3272,0.1877,9.9752
599,0.2809,8.4701,7.6210,4.7273,0.0083,7.5781,0.2924,0.1109,16.7752
600,0.2245,9.5961,0.0404,6.2367,0.0104,0.0015,0.2775,0.0947,10.2332
601,0.2280,12.0608,2.9358,4.8015,0.0077,2.9053,0.2772,0.0789,15.5807
602,0.2197,9.4054,5.0008,5.7818,0.0115,4.9521,0.3217,0.0847,15.0323
603,0.2415,12.1675,3.8555,7.2610,0.0074,3.8213,0.3680,0.0860,16.7185
604,0.1763,9.2901,4.6468,6.3633,0.0078,4.6172,0.2640,0.0710,14.4483
605,0.1625,10.2185,9.9100,7.4284,0.0067,9.8832,0.2975,0.0774,20.6658
606,0.1935,8.8468,0.0260,6.6894,0.0054,0.0014,0.1897,0.0695,9.3254
607,0.1900,9.0199,5.4048,4.7755,0.0076,5.3696,0.3549,0.0856,15.0552
608,0.1980,7.9652,4.5590,6.2442,0.0141,4.5202,0.2893,0.0880,13.0995
609,0.1842,14.5667,0.0343,7.3292,0.0073,0.0015,0.2268,0.0708,15.0828
610,0.3588,9.1461,8.2682,7.4222,0.0120,8.2260,0.3438,0.1058,18.2225
611,0.1859,9.8849,7.4157,9.1804,0.0124,7.3770,0.3084,0.0872,17.8820
612,0.2779,9.7123,0.0315,6.3377,0.0080,0.0016,0.2531,0.0757,10.3505
613,0.2233,9.1174,7.3169,4.7736,0.0134,7.2752,0.3018,0.0795,17.0388
614,0.1638,9.2927,0.0368,6.2067,0.0100,0.0018,0.3250,0.1064,9.9247
615,0.2134,12.7815,0.0403,4.7683,0.0131,0.0019,0.2905,0.0927,13.4184
616,0.2370,9.3654,9.2841,7.3536,0.0062,9.2515,0.3400,0.0884,19.3148
617,0.2184,10.3033,0.0493,8.0867,0.0122,0.0023,0.3828,0.1256,11.0794
618,0.1830,13.7494,0.0489,4.9737,0.0100,0.0024,0.3220,0.1047,14.4080
619,0.2035,9.7711,11.8170,4.8897,0.0111,11.7704,0.2916,0.0916,22.1748
620,0.2149,7.8170,0.0420,8.1363,0.0138,0.0020,0.2903,0.0779,8.4422
621,0.2031,12.0723,9.0324,4.9005,0.0138,8.9917,0.3210,0.0902,21.7189
622,0.2757,9.0619,0.0382,6.6047,0.0087,0.0020,0.2653,0.0840,9.7251
623,0.2549,9.9908,6.6180,4.9531,0.0090,6.5755,0.3137,0.0857,17.2630
624,0.2019,9.4724,1.4206,6.7417,0.0105,1.3750,0.2908,0.1038,11.4895
625,0.2343,14.0212,0.0308,6.3452,0.0080,0.0015,0.2618,0.0854,14.6335
626,0.2325,9.5516,9.5462,6.9716,0.0081,9.5112,0.3628,0.0935,19.7866
627,0.1930,9.8445,0.0469,7.3850,0.0132,0.0021,0.3479,0.1444,10.5767
628,0.2688,13.1316,0.0363,4.9814,0.0118,0.0018,0.2635,0.0804,13.7807
629,0.2103,12.7150,9.4784,8.2075,0.0142,9.4358,0.3409,0.1145,22.8591
630,0.2165,8.0813,0.0428,6.1668,0.0107,0.0024,0.3523,0.1029,8.7957
631,0.2133,11.8785,0.0406,4.7619,0.0101,0.0022,0.3144,0.1080,12.5548
632,0.2600,14.7996,0.1664,4.9845,0.0197,0.0027,0.6179,0.1814,16.0253
633,0.2392,10.8307,0.0818,4.7475,0.0210,0.0044,0.6143,0.1992,11.9652
634,0.2843,10.8660,2.6719,4.7786,0.0120,2.6301,0.3723,0.1080,14.3025
635,0.3174,12.3303,0.8373,5.2955,0.0127,0.7929,0.2607,0.0814,13.8271
636,0.2599,9.6525,6.6759,5.3919,0.0133,6.6360,0.3084,0.0797,16.9764
637,0.2882,9.5707,6.7970,7.6266,0.0159,6.7485,0.3249,0.0810,17.0618
638,0.2719,9.5962,2.6630,6.6977,0.0099,2.6246,0.2725,0.0923,12.8959
639,0.1972,12.2933,3.4116,5.4268,0.0132,3.3661,0.3876,0.0918,16.3816
640,0.1934,9.2944,6.0289,5.9296,0.0115,5.9856,0.2947,0.0822,15.8937
641,0.1762,13.0892,0.0342,6.9951,0.0088,0.0020,0.2572,0.0788,13.6357
642,0.2202,9.1130,11.6990,8.0633,0.0077,11.6471,0.3049,0.0801,21.4172
643,0.1838,8.9815,0.0387,7.6815,0.0072,0.0015,0.2562,0.0834,9.5436
644,0.2323,9.2263,1.8833,5.1326,0.0071,1.8521,0.2782,0.1177,11.7378
645,0.1977,11.5652,7.4354,5.9446,0.0086,7.4013,0.2867,0.0808,19.5659
646,0.1930,8.7640,2.7638,6.4135,0.0118,2.7274,0.3373,0.1062,12.1645
647,0.2685,12.7839,0.0401,5.4350,0.0101,0.0020,0.3100,0.0948,13.4973
648,0.2280,8.2769,13.1620,5.3418,0.0092,13.1231,0.2768,0.0895,22.0332
649,0.1883,7.6183,0.0369,6.3686,0.0083,0.0015,0.3062,0.0975,8.2471
650,0.2607,8.1564,3.9479,5.2100,0.0112,3.9033,0.3505,0.0896,12.8051
651,0.2125,13.9944,0.0325,6.0105,0.0107,0.0018,0.2223,0.0808,14.5425
652,0.2914,8.7827,8.9489,6.9833,0.0097,8.9038,0.2750,0.0975,18.3956
653,0.1910,11.0141,0.0387,9.3020,0.0091,0.0020,0.3038,0.0890,11.6366
654,0.2445,9.5122,7.5413,5.2569,0.0427,7.4653,0.3257,0.0754,17.6992
655,0.1615,9.6455,3.3661,8.0458,0.0087,3.3312,0.3033,0.0780,13.5543
656,0.2121,9.2217,5.1871,6.7284,0.0080,5.1566,0.2616,0.0876,14.9701
657,0.2543,13.0122,0.4171,7.7456,0.0094,0.3826,0.3258,0.0983,14.1077
658,0.2364,9.3865,5.4512,5.2396,0.0138,5.4031,0.3263,0.0927,15.4931
659,0.1982,14.2124,0.0353,7.7171,0.0105,0.0017,0.2643,0.0747,14.7850
660,0.1522,13.7062,5.8760,7.2001,0.0105,5.8350,0.3523,0.0900,20.1766
661,0.1584,12.1067,0.0381,6.6278,0.0099,0.0019,0.2914,0.0820,12.6767
662,0.2393,8.0394,9.2738,5.2440,0.0136,9.2382,0.2776,0.0854,17.9154
663,0.2173,8.7156,6.5997,9.4612,0.0098,6.5636,0.3284,0.0709,15.9320
664,0.1979,12.5177,0.0301,6.7854,0.0079,0.0020,0.2333,0.0988,13.0777
665,0.2082,12.5830,6.9461,4.8851,0.0108,6.9117,0.3530,0.1179,20.2082
666,0.2276,9.2562,1.0786,6.8081,0.0095,1.0456,0.3361,0.0992,10.9976
667,0.2913,12.8361,0.0340,6.0594,0.0082,0.0019,0.2737,0.0941,13.5293
668,0.2129,8.3657,12.9922,5.9127,0.0105,12.9435,0.4334,0.1135,22.1177
669,0.1965,7.5442,0.0286,6.5773,0.0067,0.0018,0.2169,0.0776,8.0637
670,0.2148,9.4723,2.9628,5.2250,0.0103,2.9140,0.2774,0.0793,13.0066
671,0.2285,8.9123,10.5301,5.5966,0.0280,10.4303,0.3117,0.0831,20.0657
672,0.2393,8.0326,0.0496,6.7032,0.0128,0.0024,0.3478,0.1133,8.7826
673,0.2757,11.7381,0.0431,5.0596,0.0097,0.0023,0.3361,0.1064,12.4994
674,0.4729,8.6292,12.5352,5.4834,0.0138,12.4810,0.3134,0.0774,22.0280
675,0.2223,7.7867,0.0343,6.5651,0.0089,0.0018,0.2631,0.0822,8.3887
676,0.2660,9.1372,0.0479,5.1611,0.0101,0.0021,0.3197,0.1073,9.8781
677,0.2626,10.2345,7.5910,4.7927,0.0271,7.4940,0.3048,0.0942,18.4872
678,0.4131,9.5638,0.0485,6.3231,0.0131,0.0019,0.3147,0.1270,10.4671
679,0.2681,7.7149,0.0404,4.7526,0.0092,0.0016,0.2657,0.0830,8.3721
680,0.2439,9.2946,12.1477,7.4684,0.0075,12.0553,0.2910,0.0840,22.0612
681,0.1909,7.9810,0.0365,7.2127,0.0115,0.0017,0.2545,0.0792,8.5421
682,0.2383,8.2785,4.6614,4.9588,0.0075,4.6325,0.2547,0.0977,13.5306
683,0.2041,10.7975,5.3466,6.0510,0.0117,5.2990,0.3580,0.0917,16.7978
684,0.1840,13.0761,0.0327,6.4859,0.0076,0.0012,0.3123,0.0795,13.6846
685,0.1742,13.9655,5.3690,4.8525,0.0059,5.3405,0.3748,0.0910,19.9745
686,0.2371,9.2580,1.2239,6.2900,0.0078,1.1657,0.3183,0.1024,11.1397
687,0.1976,12.7961,3.9325,6.2526,0.0080,3.8982,0.2917,0.0978,17.3157
688,0.2401,9.3872,2.9061,6.0351,0.0068,2.8738,0.2778,0.0884,12.8995
689,0.2261,12.3039,5.4903,6.5288,0.0183,5.4267,0.3247,0.1286,18.4735
690,0.2688,8.3761,3.0238,6.3625,0.0113,2.9863,0.2734,0.0957,12.0378
691,0.2321,8.0214,10.2745,6.3279,0.0097,10.2317,0.3383,0.0964,18.9626
692,0.2567,8.8384,0.0442,6.9376,0.0225,0.0017,0.2439,0.1032,9.4864
693,0.2617,8.8202,7.2861,4.7644,0.0091,7.2447,0.3558,0.0961,16.8199
694,0.2155,9.4153,0.0357,6.1869,0.0078,0.0014,0.2547,0.0774,9.9986
695,0.2601,13.8293,0.0308,5.2082,0.0072,0.0016,0.2416,0.0744,14.4361
696,0.2568,9.5290,6.3542,5.2170,0.0088,6.3103,0.3641,0.1217,16.6258
697,0.1886,13.2339,0.0480,8.3770,0.0150,0.0020,0.3292,0.1579,13.9576
698,0.2055,9.5886,10.9512,6.9996,0.0165,10.8949,0.3490,0.0825,21.1767
699,0.1834,9.2847,0.0308,6.5045,0.0074,0.0019,0.2085,0.0976,9.8051
700,0.1931,9.4983,2.6740,5.2465,0.0099,2.6371,0.3116,0.0930,12.7700
701,0.1415,10.4079,9.7662,6.4126,0.0075,9.7289,0.3437,0.0879,20.7472
702,0.2223,9.9697,0.0299,7.0120,0.0069,0.0016,0.2196,0.0730,10.5145
703,0.2408,13.6569,0.0299,4.7503,0.0077,0.0015,0.2343,0.0777,14.2395
704,0.2000,9.4590,12.1710,7.4868,0.0137,12.1205,0.4069,0.1034,22.3402
705,0.3025,7.7392,0.0334,7.2562,0.0084,0.0018,0.2816,0.0737,8.4304
706,0.2166,9.2988,3.0091,5.2584,0.0144,2.9538,0.2691,0.0930,12.8866
707,0.2789,13.3870,2.0917,5.5053,0.0116,2.0457,0.3484,0.1011,16.2071
708,0.2816,9.3680,5.6851,5.5568,0.0142,5.6434,0.3518,0.1158,15.8024
709,0.2536,13.2548,0.0355,7.7155,0.0090,0.0019,0.2933,0.1298,13.9670
710,0.2295,9.5773,7.4832,5.2010,0.0082,7.4448,0.2920,0.1055,17.6874
711,0.3286,11.5586,0.0300,7.9721,0.0077,0.0015,0.2916,0.0788,12.2876
712,0.2354,9.5941,5.3796,5.3264,0.0127,5.3355,0.3955,0.0847,15.6892
713,0.2966,16.5104,0.0817,7.8151,0.0191,0.0023,4.8694,0.1150,21.8731
714,0.2941,9.4320,3.7266,5.2426,0.0071,3.6920,0.2717,0.0758,13.8003
715,0.1958,12.5325,3.3940,6.5765,0.0100,3.3568,0.2857,0.0835,16.4914
716,0.2117,9.2665,5.7516,6.7412,0.0078,5.7118,0.3982,0.1340,15.7621
717,0.2267,13.3952,0.0384,8.0604,0.0104,0.0018,0.3107,0.0963,14.0674
718,0.1892,8.8536,0.0465,5.1648,0.0129,0.0018,0.3035,0.0917,9.4844
719,0.2080,16.7346,0.0401,4.8954,0.0110,0.0019,0.3101,0.0902,17.3831
720,0.2218,9.5805,7.5783,6.8050,0.0063,7.5474,0.3729,0.0738,17.8272
721,0.2195,12.7310,0.0371,8.7015,0.0111,0.0015,0.2846,0.0955,13.3676
722,0.2454,9.1203,9.9028,5.2934,0.0112,9.8671,0.3251,0.0837,19.6773
723,0.1884,10.1942,0.0315,6.7056,0.0081,0.0014,0.2269,0.0766,10.7176
724,0.2116,9.4115,3.9990,5.2501,0.0119,3.9531,0.3700,0.1171,14.1092
725,0.1888,13.5102,2.0550,7.2212,0.0467,1.9113,0.3525,0.1003,16.2067
726,0.1997,9.5123,5.4605,5.5741,0.0120,5.4166,0.2465,0.0752,15.4942
727,0.2384,8.5587,10.9025,8.0042,0.0123,10.8613,0.3139,0.0848,20.0984
728,0.3314,8.5168,0.0374,7.0074,0.0089,0.0018,0.2632,0.0820,9.2309
729,0.2000,13.9310,0.0388,5.1812,0.0107,0.0018,0.3261,0.1133,14.6091
730,0.2340,9.1190,10.0958,5.2672,0.0138,10.0483,0.3933,0.1077,19.9498
731,0.2130,9.0814,0.0323,7.0626,0.0086,0.0018,0.2361,0.0753,9.6381
732,0.2153,9.3565,2.9574,5.1340,0.0092,2.9233,0.2747,0.1001,12.9040
733,0.2342,14.8351,0.0369,6.5384,0.0080,0.0015,0.2817,0.0840,15.4718
734,0.2017,8.6200,13.4878,6.4641,0.0090,13.4519,0.5321,0.1419,22.9834
735,0.2134,7.7468,0.0378,6.3131,0.0083,0.0018,0.2614,0.1574,8.4168
736,0.2561,9.6321,0.0433,5.1612,0.0108,0.0016,0.2657,0.1036,10.3008
737,0.2858,7.6222,0.0386,4.8104,0.0084,0.0019,0.2232,0.0927,8.2626
738,0.2228,9.4499,7.8216,7.8276,0.0063,7.7925,0.2923,0.0822,17.8688
739,0.2572,14.4913,0.0342,9.4998,0.0082,0.0015,0.2592,0.0783,15.1202
740,0.2550,9.3966,11.4699,7.3883,0.0082,11.4320,0.3069,0.1086,21.5370
741,0.1822,8.4350,0.0350,7.4195,0.0079,0.0019,0.2457,0.0755,8.9734
742,0.2142,8.3323,5.0082,5.2222,0.0075,4.9734,0.2656,0.0863,13.9067
743,0.2693,12.2163,1.0955,5.8348,0.0097,1.0579,0.3430,0.0950,14.0190
744,0.2560,9.4186,7.8007,5.3752,0.0147,7.7601,0.2977,0.1023,17.8753
745,0.2461,11.2707,0.0380,6.9569,0.0094,0.0020,0.3434,0.0807,11.9789
746,0.2143,11.7563,4.8565,5.0096,0.0092,4.8231,0.4072,0.1148,17.3492
747,0.2192,11.2280,0.0392,5.8264,0.0102,0.0020,0.3186,0.1082,11.9133
748,0.2603,9.4581,5.8150,5.2909,0.0091,5.7790,0.3691,0.0828,15.9853
749,0.2700,13.7275,0.0365,8.1108,0.0072,0.0017,0.2857,0.1138,14.4335
750,0.1923,9.6831,5.3142,5.2606,0.0114,5.2763,0.3519,0.1206,15.6621
751,0.2966,14.1716,0.0372,8.0041,0.0091,0.0019,0.2891,0.0957,14.8903
752,0.2804,9.5793,8.1930,5.1910,0.0155,8.1412,0.3911,0.1160,18.5598
753,0.3495,8.4681,0.0303,6.8093,0.0084,0.0015,0.3700,0.0867,9.3047
754,0.2066,10.0869,3.5343,5.1706,0.0853,3.3700,0.6181,0.1773,14.6232
755,0.2566,12.1352,2.8202,6.0823,0.0155,2.7539,0.3145,0.1221,15.6487
756,0.2112,9.6669,2.5419,5.7789,0.0155,2.4904,0.3555,0.1004,12.8759
757,0.1928,16.3607,0.0650,6.3344,0.0150,0.0026,0.3378,0.0753,17.0317
758,0.1867,9.5757,12.3193,10.3406,0.0108,12.2730,0.3493,0.0946,22.5256
759,0.1977,9.8567,0.0400,8.6766,0.0103,0.0020,0.3110,0.0932,10.4987
760,0.2454,9.6266,2.6205,5.3307,0.0380,2.5527,0.3137,0.0834,12.8896
761,0.2543,8.0945,20.2599,8.6833,0.0139,20.2148,0.3703,0.0866,29.0657
762,0.1757,7.8178,0.0308,8.1838,0.0063,0.0017,0.1958,0.0827,8.3029
763,0.2639,10.7358,0.0485,4.8419,0.0129,0.0016,0.2941,0.0953,11.4375
764,0.2180,9.0563,9.0088,5.4990,0.0127,8.9554,0.3765,0.1248,18.7845
765,0.1825,14.6755,0.0368,9.9210,0.0076,0.0016,0.2033,0.1027,15.2007
766,0.1806,9.6435,12.5692,9.1452,0.0151,12.5120,0.3102,0.0829,22.7864
767,0.2448,8.1943,0.0443,7.8588,0.0100,0.0020,0.2944,0.1453,8.9230
768,0.3340,9.4907,1.0649,5.2455,0.0103,1.0222,0.2603,0.0755,11.2253
769,0.1984,15.6057,0.0566,5.3847,0.0150,0.0023,0.3700,0.1282,16.3588
770,0.2014,10.1175,7.9673,5.0118,0.0114,7.9232,0.3451,0.1002,18.7315
771,0.2642,12.8152,0.0324,8.7394,0.0079,0.0015,0.2839,0.0909,13.4865
772,0.2900,9.4401,8.0157,5.1628,0.0085,7.9787,0.3687,0.1264,18.2409
773,0.3221,9.4901,0.0379,7.1342,0.0087,0.0020,0.3023,0.0893,10.2417
774,0.2500,9.9298,5.1821,5.1953,0.0159,5.1297,0.3691,0.0995,15.8306
775,0.1836,14.0451,0.0327,7.3933,0.0080,0.0019,0.2378,0.0731,14.5722
776,0.3699,9.4858,7.5551,7.6352,0.0108,7.5059,0.3121,0.1038,17.8268
777,0.2405,13.8168,0.0353,9.3080,0.0068,0.0018,0.3357,0.0932,14.5216
778,0.2068,9.4537,11.2966,7.5124,0.0079,11.2620,0.3849,0.0936,21.4356
779,0.2112,8.0076,0.0298,7.4245,0.0063,0.0016,0.2161,0.0697,8.5344
780,0.2698,9.6759,1.6566,5.6350,0.0168,1.5977,0.3853,0.1028,12.0904
781,0.2563,15.0382,0.0492,5.7550,0.0112,0.0062,0.3878,0.1143,15.8458
782,0.3620,9.7688,5.8430,5.1936,0.0152,5.7960,0.4239,0.1182,16.5158
783,0.2013,11.1432,2.5703,7.4099,0.0120,2.5180,0.2632,0.0863,14.2642
784,0.2526,9.6100,6.1120,6.5590,0.0114,6.0741,0.3845,0.1270,16.4861
785,0.3105,12.3462,0.0523,8.3747,0.0126,0.0029,0.4442,0.1068,13.2601
786,0.3271,9.6598,5.4097,5.2086,0.0124,5.3582,0.2929,0.0901,15.7796
787,0.2243,12.7286,0.0484,7.1607,0.0116,0.0024,0.3332,0.1124,13.4469
788,0.2827,12.1376,7.0800,5.1505,0.0230,6.8311,0.8655,0.1871,20.5528
789,0.3310,9.6493,0.0306,6.8484,0.0081,0.0015,0.2416,0.0668,10.3193
790,0.2740,9.6475,3.7175,5.2247,0.0145,3.6751,0.3655,0.0754,14.0798
791,0.2294,11.7890,3.1153,6.9331,0.0084,3.0777,0.3525,0.0847,15.5709
792,0.3049,9.5602,5.5715,6.4440,0.0080,5.5379,0.3072,0.0866,15.8305
793,0.2335,12.2213,0.0504,6.6187,0.0110,0.0025,0.2585,0.0683,12.8320
794,0.2409,9.2867,8.2627,7.6979,0.0153,8.2079,0.3407,0.1108,18.2418
795,0.2424,8.2930,0.0346,9.4820,0.0080,0.0015,0.2722,0.0842,8.9263
796,0.2160,9.6107,10.1857,7.5515,0.0135,10.1435,0.3060,0.0811,20.3997
797,0.2163,10.2447,0.0324,7.9285,0.0084,0.0018,0.2710,0.0853,10.8498
798,0.2047,9.6145,4.1877,5.1716,0.0092,4.1526,0.2908,0.1007,14.3984
799,0.1901,11.0246,7.9729,7.1318,0.0089,7.9392,0.2991,0.1037,19.5904
800,0.2677,9.6972,0.0317,6.2833,0.0078,0.0018,0.2378,0.0767,10.3112
801,0.2754,13.1310,0.0439,4.7495,0.0142,0.0021,0.3201,0.1075,13.8779
802,0.2152,9.7856,6.0674,5.2570,0.0152,6.0274,0.3070,0.0860,16.4613
803,0.1901,9.8955,7.2364,8.2232,0.0097,7.1977,0.3494,0.1115,17.7829
804,0.2035,9.9147,0.0318,6.9298,0.0071,0.0014,0.2431,0.0806,10.4738
805,0.2679,13.6335,0.0413,4.8019,0.0116,0.0019,0.2896,0.0901,14.3225
806,0.2666,8.8668,12.0965,5.6455,0.0087,12.0533,0.3643,0.0920,21.6862
807,0.2114,7.9525,0.0301,6.4293,0.0074,0.0016,0.2348,0.0753,8.5041
808,0.2848,9.5919,0.9216,5.7898,0.0093,0.8824,0.2762,0.0908,11.1652
809,0.2749,12.9092,4.4303,5.2962,0.0119,4.3878,0.3589,0.0732,18.0465
810,0.1912,9.5984,2.4337,6.1830,0.0295,2.3776,0.2654,0.0723,12.5610
811,0.1620,15.7727,0.0344,6.2234,0.0070,0.0020,0.2881,0.0846,16.3419
812,0.2529,8.9308,8.3150,5.1757,0.0094,8.2757,0.3198,0.0928,17.9114
813,0.2241,9.0788,6.0860,8.7165,0.0182,6.0365,0.2926,0.0823,15.7639
814,0.2486,9.5825,0.9064,6.4566,0.0112,0.8634,0.2127,0.0632,11.0133
815,0.1583,14.6680,0.0602,5.3310,0.0104,0.0015,0.3249,0.0927,15.3041
816,0.2238,9.5506,7.6485,7.4909,0.0121,7.6077,0.3029,0.0790,17.8049
817,0.2097,11.3057,5.1874,9.1229,0.0070,5.1514,0.2980,0.1032,17.1039
818,0.2185,9.3286,2.7478,6.1694,0.0070,2.7171,0.3375,0.1041,12.7366
819,0.2532,14.9272,0.4700,6.4871,0.0058,0.4411,0.3470,0.1255,16.1230
820,0.2343,9.7498,6.1724,5.3458,0.0097,6.1358,0.2890,0.0808,16.5263
821,0.2212,13.4890,1.8020,9.1662,0.0142,1.7598,0.3005,0.0650,15.8776
822,0.2197,9.6597,9.9443,11.5270,0.0155,9.8960,0.3995,0.1192,20.3424
823,0.2324,8.4838,13.1207,6.5723,0.0172,13.0678,0.3714,0.0861,22.2945
824,0.1612,8.4683,0.0313,7.4636,0.0081,0.0020,0.2130,0.0815,8.9553
825,0.2134,12.0673,0.0428,5.5049,0.0113,0.0020,0.3280,0.1688,12.8203
826,0.2027,9.7412,7.7221,6.1449,0.0115,7.6820,0.3165,0.0903,18.0727
827,0.2417,12.1504,2.9012,8.6203,0.0162,2.8607,0.3465,0.0984,15.7381
828,0.2081,9.6055,3.1285,5.7144,0.0100,3.0847,0.2735,0.0808,13.2965
829,0.2191,15.3378,0.0367,6.6028,0.0082,0.0018,0.3302,0.0912,16.0150
830,0.2102,9.7034,6.6039,6.3313,0.0166,6.5546,0.3740,0.1229,17.0145
831,0.2655,13.2565,0.0303,8.5866,0.0082,0.0018,0.2592,0.0772,13.8886
832,0.2355,9.7425,7.5183,5.2346,0.0088,7.4772,0.3410,0.0941,17.9313
833,0.1864,12.1554,0.0298,7.8060,0.0070,0.0015,0.2834,0.0737,12.7286
834,0.2400,9.9228,2.8436,5.1430,0.0137,2.8050,0.2627,0.0833,13.3523
835,0.1877,15.2645,2.8928,6.6139,0.0101,2.8452,0.2850,0.1020,18.7320
836,0.2115,9.6144,4.7729,5.7725,0.0134,4.7336,0.3006,0.1092,15.0087
837,0.1919,15.1158,0.3826,7.5315,0.0078,0.3480,0.2917,0.0812,16.0632
838,0.1976,9.0642,8.5896,6.7062,0.0170,8.5350,0.3340,0.0874,18.2727
839,0.1812,12.5821,0.0410,9.0568,0.0131,0.0019,0.3013,0.0902,13.1958
840,0.2328,10.0339,8.4158,6.7212,0.0077,8.3792,0.3427,0.0834,19.1087
841,0.2005,10.7375,0.0387,8.3324,0.0103,0.0019,0.3660,0.0840,11.4267
842,0.2427,9.5830,4.8320,4.9750,0.0130,4.7899,0.2707,0.0813,15.0097
843,0.2383,12.9162,2.7846,7.5741,0.0094,2.7483,0.3252,0.1085,16.3728
844,0.2415,9.5631,4.4757,5.9327,0.0115,4.4318,0.3010,0.1243,14.7055
845,0.2327,12.7550,2.7482,7.2810,0.0093,2.7118,0.2691,0.0828,16.0877
846,0.2075,9.5367,6.2308,5.7191,0.0132,6.1884,0.3098,0.0806,16.3655
847,0.2350,11.7120,0.0288,6.9513,0.0077,0.0018,0.2316,0.0645,12.2719
848,0.1642,8.4677,13.7099,5.3509,0.0099,13.6672,0.3215,0.0817,22.7450
849,0.2218,7.8608,0.0384,6.3712,0.0103,0.0024,0.3017,0.0994,8.5222
850,0.2557,11.2033,0.0453,5.1856,0.0135,0.0019,0.2647,0.0822,11.8512
851,0.2037,13.8465,6.1179,4.8530,0.0144,6.0588,0.3163,0.0825,20.5668
852,0.2259,9.1130,2.4054,6.4421,0.0134,2.3549,0.2816,0.0883,12.1143
853,0.2486,9.3830,0.0500,5.4673,0.0087,0.0025,0.3023,0.1005,10.0843
854,0.2084,9.5529,6.6242,6.1556,0.0102,6.5835,0.2965,0.0826,16.7645
855,0.1894,11.1646,3.9441,8.7567,0.0100,3.8972,0.3125,0.0835,15.6942
856,0.2155,9.5183,5.2426,7.4573,0.0113,5.2005,0.3614,0.1009,15.4388
857,0.2508,14.3452,0.0315,7.5939,0.0078,0.0016,0.2458,0.0658,14.9391
858,0.1830,9.3739,9.3318,9.3175,0.0126,9.2883,0.3308,0.1087,19.3284
859,0.2508,11.5741,0.0332,9.7028,0.0089,0.0017,0.2662,0.0823,12.2066
860,0.2728,9.5826,5.5922,5.1941,0.0105,5.5472,0.3623,0.0820,15.8920
861,0.2292,13.7527,0.0325,7.6510,0.0109,0.0017,0.2778,0.0795,14.3718
862,0.2175,9.1918,10.2907,5.3973,0.0141,10.2397,0.4483,0.0824,20.2308
863,0.2265,7.9448,0.0299,6.7987,0.0062,0.0017,0.2231,0.0690,8.4933
864,0.2616,8.7088,6.4440,5.1268,0.0076,6.3971,0.3313,0.0910,15.8367
865,0.1577,13.8117,0.0250,6.4114,0.0053,0.0014,0.2130,0.0612,14.2685
866,0.1687,9.4763,12.7835,9.9316,0.0167,12.7095,0.3183,0.0764,22.8232
867,0.2125,8.4084,0.0433,8.4481,0.0097,0.0020,0.3156,0.0981,9.0778
868,0.2321,10.0503,0.0270,5.1799,0.0067,0.0017,0.2983,0.0994,10.7070
869,0.2134,15.1444,0.0315,4.8037,0.0084,0.0016,0.2633,0.0775,15.7300
870,0.2351,9.6367,5.7306,5.1814,0.0078,5.6984,0.3085,0.0741,15.9851
871,0.2723,13.1570,0.0437,7.5559,0.0118,0.0016,0.2807,0.1684,13.9220
872,0.1616,9.7276,6.2588,5.3055,0.0076,6.2248,0.3235,0.0911,16.5625
873,0.1461,11.3145,6.7953,8.3268,0.0080,6.7532,0.3454,0.0790,18.6803
874,0.1914,8.7457,2.8629,6.6083,0.0114,2.8211,0.3093,0.0846,12.1938
875,0.1735,14.8380,0.0368,5.8459,0.0103,0.0018,0.2448,0.0831,15.3762
876,0.1836,9.0242,10.1695,5.4219,0.0135,10.1228,0.3654,0.0949,19.8377
877,0.2565,9.6850,0.0333,7.8900,0.0110,0.0015,0.2345,0.0728,10.2820
878,0.2462,8.9065,4.6780,5.5708,0.0076,4.6455,0.3313,0.1010,14.2630
879,0.1892,9.6276,8.9882,7.4286,0.0099,8.9478,0.3940,0.1064,19.3054
880,0.2308,9.0006,0.0387,6.4842,0.0086,0.0020,0.2733,0.1091,9.6525
881,0.2043,9.3525,6.0072,4.8330,0.0133,5.9563,0.3184,0.0790,15.9615
882,0.2567,9.9099,0.0395,6.1328,0.0085,0.0020,0.3040,0.0937,10.6038
883,0.2053,12.1780,3.2341,5.0500,0.0114,3.1895,0.3164,0.1020,16.0359
884,0.2425,9.5813,4.1042,6.6799,0.0141,4.0714,0.3413,0.1047,14.3740
885,0.2431,12.6482,3.0090,7.2318,0.0100,2.9670,0.3386,0.1035,16.3424
886,0.1985,9.3366,3.5430,5.7839,0.0085,3.5056,0.2794,0.0801,13.4376
887,0.2508,12.1931,5.0198,6.9101,0.0091,4.9855,0.4462,0.1105,18.0204
888,0.2113,9.3963,2.0645,6.3616,0.0095,2.0269,0.2613,0.0790,12.0124
889,0.2054,8.7705,10.3496,5.9815,0.0077,10.3213,0.3053,0.0967,19.7275
890,0.2141,8.7502,0.0322,6.6723,0.0078,0.0017,0.3008,0.0889,9.3862
891,0.1906,8.8590,7.5860,4.8159,0.0113,7.5368,0.3327,0.1034,17.0716
892,0.2023,9.7123,0.0296,6.3176,0.0082,0.0017,0.2526,0.0766,10.2735
893,0.2214,13.1636,0.0386,4.7676,0.0093,0.0019,0.2565,0.0858,13.7659
894,0.2081,9.3810,8.4633,8.0773,0.0096,8.4257,0.3015,0.0821,18.4360
895,0.2171,12.5073,0.0318,9.5928,0.0083,0.0017,0.2660,0.0867,13.1089
896,0.2275,12.8958,4.1018,5.2853,0.0103,4.0623,0.3840,0.0923,17.7015
897,0.1851,14.8878,0.0354,7.0880,0.0071,0.0017,0.2586,0.0856,15.4525
898,0.2403,8.3060,11.4758,5.3364,0.0082,11.4314,0.3469,0.0809,20.4500
899,0.2283,9.3524,0.0375,8.5063,0.0094,0.0022,0.2945,0.0848,9.9975
900,0.2078,9.4173,3.2003,5.3078,0.0110,3.1607,0.2196,0.1019,13.1469
901,0.2591,13.8128,0.0423,6.6677,0.0123,0.0016,0.3260,0.0983,14.5385
902,0.2119,9.5082,6.2291,5.1806,0.0090,6.1874,0.3021,0.0874,16.3387
903,0.2144,10.5653,7.9481,8.3774,0.0111,7.9072,0.3900,0.1073,19.2251
904,0.2914,7.9463,0.0326,6.1171,0.0068,0.0018,0.2580,0.0701,8.5984
905,0.2533,9.1396,6.3641,4.7522,0.0086,6.3257,0.3360,0.0895,16.1824
906,0.2557,9.2596,2.5544,6.5932,0.0120,2.5165,0.3228,0.0818,12.4742
907,0.2557,14.5839,0.0445,5.4312,0.0137,0.0020,0.3062,0.0851,15.2755
908,0.2763,9.7831,7.8509,5.6416,0.0080,7.8168,0.3727,0.0945,18.3775
909,0.2189,12.1125,0.0398,8.1257,0.0086,0.0020,0.3388,0.1050,12.8150
910,0.2190,9.7125,5.8208,5.1820,0.0162,5.7624,0.3156,0.1029,16.1708
911,0.1710,10.0282,0.0389,8.1664,0.0087,0.0016,0.3865,0.0741,10.6987
912,0.1983,8.7764,11.0439,12.3120,0.0070,11.0093,0.3257,0.0816,20.4259
913,0.1785,12.4665,0.0474,9.8091,0.0136,0.0017,0.3632,0.1408,13.1963
914,0.2241,9.1713,13.1303,5.5531,0.0073,13.1001,0.3759,0.1176,23.0191
915,0.2222,10.4327,0.0448,9.5948,0.0131,0.0020,0.3235,0.0953,11.1185
916,0.2085,10.3625,5.3531,5.4351,0.0113,5.3044,0.3237,0.0910,16.3389
917,0.3137,14.3116,0.0442,7.4114,0.0109,0.0016,0.3112,0.1106,15.0913
918,0.2580,10.1986,6.6267,6.3147,0.0085,6.5806,0.3473,0.1064,17.5370
919,0.2778,10.9640,6.1509,8.6592,0.0106,6.1078,0.2985,0.0794,17.7706
920,0.3452,9.1219,3.8531,6.3167,0.0117,3.8034,0.2923,0.0844,13.6969
921,0.2099,11.2056,6.1218,5.8787,0.0081,6.0870,0.3347,0.1116,17.9836
922,0.2000,10.6507,0.0422,6.4404,0.0131,0.0018,0.3052,0.0881,11.2863
923,0.2960,16.3825,0.0321,5.8335,0.0089,0.0018,0.2898,0.1090,17.1093
924,0.2439,13.3248,4.8980,5.0928,0.0130,4.8513,0.2947,0.0763,18.8377
925,0.2086,14.4215,0.0527,6.3737,0.0139,0.0020,0.3094,0.1087,15.1009
926,0.2528,11.4214,6.4200,5.3691,0.0115,6.3717,0.3816,0.0949,18.5707
927,0.1928,14.9455,0.0838,8.9315,0.0166,0.0278,0.2548,0.0900,15.5669
928,0.2112,10.5582,5.9824,6.8600,0.0107,5.9430,0.4244,0.1047,17.2809
929,0.2590,15.9321,6.7623,5.4530,0.0164,6.7119,0.3310,0.1015,23.3858
930,0.2452,8.9760,3.7869,6.5184,0.0122,3.7484,0.2998,0.0856,13.3935
931,0.2145,14.2616,0.6010,5.8864,0.0099,0.5591,0.2988,0.0905,15.4664
932,0.2123,9.0551,14.9687,5.4151,0.0089,14.9297,0.3255,0.0858,24.6473
933,0.2482,8.4465,0.0363,6.1345,0.0092,0.0016,0.2619,0.1022,9.0950
934,0.2373,10.3342,1.3526,5.1859,0.0145,1.3050,0.3121,0.0822,12.3184
935,0.2498,13.0102,6.1648,5.6138,0.0118,6.1176,0.3203,0.0812,19.8264
936,0.2644,9.1351,3.5575,6.7768,0.0085,3.5262,0.2316,0.0693,13.2579
937,0.2149,12.5823,4.9758,6.9372,0.0140,4.9286,0.3307,0.0970,18.2006
938,0.2159,10.3050,2.0090,6.4274,0.0155,1.9602,0.3030,0.0960,12.9289
939,0.2474,16.2654,0.0328,6.0709,0.0069,0.0012,0.2753,0.0873,16.9082
940,0.2170,10.5519,8.9604,5.2426,0.0098,8.9140,0.3253,0.0976,20.1522
941,0.2068,10.4161,0.0321,7.1809,0.0070,0.0015,0.2307,0.0681,10.9538
942,0.2078,10.6129,4.5222,5.1902,0.0214,4.3836,0.6800,0.1033,16.1261
943,0.1919,16.3425,0.0396,6.9885,0.0110,0.0018,0.3676,0.2735,17.2150
944,0.2068,9.0476,13.0857,5.5328,0.0069,13.0575,0.3343,0.0790,22.7534
945,0.2061,8.8884,0.0347,6.3522,0.0078,0.0015,0.2631,0.0798,9.4721
946,0.2335,10.3388,2.0843,5.1869,0.0219,2.0026,0.5643,0.1623,13.3832
947,0.1784,15.9343,0.0459,5.9507,0.0123,0.0018,0.3130,0.1138,16.5854
948,0.2370,10.3815,5.8606,5.2792,0.0133,5.8024,0.3402,0.0839,16.9032
949,0.2012,14.8609,0.0276,8.1576,0.0051,0.0011,0.1992,0.0959,15.3848
950,0.2025,10.6966,9.8449,7.6963,0.0138,9.7962,0.3634,0.0883,21.1958
951,0.2720,11.0033,0.0327,8.0107,0.0076,0.0019,0.2576,0.0910,11.6566
952,0.2125,10.3123,5.2035,5.1791,0.0093,5.1661,0.3386,0.1227,16.1897
953,0.2642,13.0582,2.4705,7.6381,0.0112,2.4318,0.3189,0.0952,16.2070
954,0.2547,10.3959,4.1651,6.0804,0.0111,4.1212,0.2500,0.0741,15.1399
955,0.2004,15.0965,0.0547,7.0914,0.0241,0.0021,0.4196,0.1147,15.8859
956,0.2467,10.3493,5.7595,5.3049,0.0106,5.7222,0.3587,0.1353,16.8495
957,0.1955,14.3527,0.0481,8.0877,0.0106,0.0021,0.3944,0.1219,15.1126
958,0.2023,13.2310,3.4247,5.0262,0.0091,3.3864,0.3439,0.0925,17.2945
959,0.2410,8.7277,22.1804,8.8980,0.0082,22.1355,0.2810,0.0745,31.5047
960,0.1630,8.7335,0.0315,8.1464,0.0087,0.0016,0.2489,0.0711,9.2480
961,0.1910,13.7545,0.0294,4.7912,0.0074,0.0016,0.3254,0.0922,14.3926
962,0.1921,10.4653,6.9494,7.0979,0.0134,6.9065,0.3104,0.0873,18.0045
963,0.1766,14.7230,0.0338,8.6723,0.0073,0.0014,0.3014,0.0690,15.3038
964,0.1773,10.2696,11.4279,10.3637,0.0144,11.3865,0.3833,0.0988,22.3569
965,0.2694,9.5120,0.0457,8.3673,0.0127,0.0017,0.2988,0.1062,10.2320
966,0.3062,9.4755,8.6878,5.0446,0.0123,8.6492,0.2998,0.0822,18.8515
967,0.1860,11.0436,0.0373,6.6703,0.0099,0.0019,0.2919,0.0892,11.6480
968,0.2316,10.4790,5.4182,5.3093,0.0168,5.3663,0.2787,0.0908,16.4984
969,0.2280,15.0915,0.0302,7.8733,0.0073,0.0016,0.2235,0.0636,15.6367
970,0.2143,10.4080,7.7838,10.7113,0.0080,7.7488,0.3449,0.0910,18.8420
971,0.2051,18.0981,7.2965,5.3196,0.0083,7.2666,0.2936,0.0960,25.9893
972,0.1895,9.5712,2.9053,6.2568,0.0065,2.8755,0.2771,0.0782,13.0212
973,0.1517,12.2524,8.2577,5.9732,0.0166,8.1970,0.3783,0.1133,21.1534
974,0.2202,10.3415,0.0373,6.5873,0.0096,0.0015,0.2903,0.0862,10.9755
975,0.2134,15.2233,0.0719,4.9052,0.0366,0.0025,0.2628,0.1073,15.8787
976,0.1952,10.4726,9.8747,9.8010,0.0087,9.8295,0.2663,0.0875,20.8962
977,0.1847,15.9915,0.0333,7.0440,0.0102,0.0019,0.2666,0.0724,16.5485
978,0.3058,10.5100,5.8822,6.8086,0.0082,5.7909,0.2302,0.0694,16.9977
979,0.1668,8.9018,21.6145,8.5293,0.0082,21.5849,0.2812,0.0622,31.0265
980,0.1277,8.8850,0.0308,7.8666,0.0058,0.0009,0.1437,0.0746,9.2618
981,0.2076,13.2904,0.0266,4.9112,0.0060,0.0013,0.2058,0.0615,13.7919
982,0.1599,10.4834,8.7197,8.8565,0.0052,8.6914,0.2507,0.0706,19.6843
983,0.1705,13.9183,0.0380,9.5631,0.0094,0.0017,0.2867,0.0853,14.4988
984,0.2066,10.7334,7.3963,8.0735,0.0124,7.3573,0.2434,0.0867,18.6664
985,0.1720,12.1158,6.6359,9.0234,0.0085,6.6007,0.2951,0.0715,19.2903
986,0.1476,10.4883,2.1455,6.5078,0.0099,2.1149,0.2484,0.0727,13.1024
987,0.2087,16.0577,0.0275,6.1131,0.0063,0.0017,0.2363,0.0722,16.6025
988,0.1715,10.6252,8.5454,9.7256,0.0144,8.5057,0.2775,0.0884,19.7080
989,0.2182,14.3079,0.0288,9.6237,0.0067,0.0015,0.2677,0.0783,14.9008
990,0.2021,12.6104,9.1435,7.5863,0.0130,9.0965,0.3091,0.0807,22.3459
991,0.1806,10.6458,0.0331,6.6778,0.0080,0.0015,0.2512,0.0771,11.1878
992,0.2183,10.7545,4.9977,5.5143,0.0085,4.9630,0.2787,0.0835,16.3327
993,0.1672,16.6724,0.0345,8.0071,0.0083,0.0019,0.3894,0.1145,17.3779
994,0.2078,10.7580,5.5408,5.1770,0.0085,5.4970,0.2947,0.0958,16.8970
995,0.2550,14.5127,0.0644,7.9496,0.0341,0.0024,0.3050,0.0801,15.2172
996,0.2336,10.3357,10.3803,6.8365,0.0121,10.3336,0.3283,0.1391,21.4169
997,0.1995,10.6035,0.0373,6.8603,0.0102,0.0018,0.2671,0.0913,11.1987
998,0.2740,10.7142,5.7321,5.2950,0.0128,5.6857,0.3082,0.0964,17.1250
999,0.2810,10.5166,5.9977,7.3672,0.0129,5.9589,0.2898,0.0820,17.1670
1000,0.2402,10.8641,1.7023,6.5764,0.0089,1.6621,0.2883,0.0895,13.1844
1001,0.3390,17.0798,0.0512,5.8116,0.0132,0.0025,0.4074,0.1205,17.9980
1002,0.2713,13.5625,1.8087,5.0476,0.0206,1.7506,0.3530,0.1049,16.1004
1003,0.2442,16.9944,0.0435,5.9552,0.0100,0.0020,0.3164,0.0884,17.6869
1004,0.2457,10.8890,5.8985,7.3236,0.0079,5.8422,0.3019,0.1033,17.4385
1005,0.2216,16.6275,9.6744,4.8374,0.0107,9.6347,0.3331,0.0802,26.9369
1006,0.2438,10.0669,0.0367,6.4453,0.0093,0.0023,0.3563,0.1225,10.8262
1007,0.2397,13.8581,6.7090,5.0877,0.0098,6.6703,0.3078,0.0893,21.2040
1008,0.2275,11.1587,0.0364,6.6364,0.0085,0.0023,0.2754,0.0841,11.7822
1009,0.2016,17.1820,0.0497,4.8504,0.0126,0.0023,0.3775,0.1135,17.9242
1010,0.2011,14.6005,6.3342,7.7847,0.0097,6.2929,0.3033,0.0767,21.5158
1011,0.2088,12.6838,0.0828,6.2174,0.0224,0.0026,0.6642,0.1899,13.8295
1012,0.1867,8.9393,0.0231,4.7397,0.0045,0.0013,0.1735,0.0683,9.3908
1013,0.1646,14.9249,10.2308,4.8400,0.0161,10.1732,0.5182,0.1182,25.9567
1014,0.3728,9.0970,0.0361,6.8975,0.0073,0.0012,0.2403,0.0712,9.8175
1015,0.3758,13.8818,0.0481,4.7564,0.0117,0.0023,0.4967,0.1225,14.9250
1016,0.2346,10.2094,6.4549,4.9947,0.0130,6.4150,0.3151,0.0971,17.3112
1017,0.2765,15.7403,0.0325,8.5568,0.0084,0.0014,0.2497,0.0752,16.3741
1018,0.6661,11.3632,0.0382,5.1713,0.0097,0.0020,1.8470,0.3356,14.2501
1019,0.2681,11.8517,6.2786,4.7841,0.0145,6.2235,0.3851,0.1222,18.9057
1020,0.2307,9.0283,0.0300,6.4588,0.0074,0.0019,0.2390,0.0783,9.6061
1021,0.3040,12.8727,7.5735,4.8117,0.0128,7.5340,0.2592,0.0962,21.1057
1022,0.1978,11.3761,0.0347,6.2922,0.0089,0.0017,0.2699,0.0726,11.9511
1023,0.2008,9.8120,11.8961,4.7815,0.0063,11.8624,0.3957,0.1103,22.4150
1024,0.2512,9.0568,0.0358,6.9314,0.0072,0.0019,0.2967,0.0890,9.7294
1025,0.2198,13.0773,2.9131,4.7898,0.0125,2.8671,0.3502,0.1036,16.6639
1026,0.2190,10.8623,3.7089,6.0321,0.0070,3.6775,0.2642,0.0823,15.1366
1027,0.2870,16.0371,0.0611,7.0443,0.0332,0.0025,0.2710,0.1007,16.7569
1028,0.2082,11.5696,9.2787,5.0097,0.0147,9.2317,0.3664,0.0992,21.5221
1029,0.3298,11.6158,0.0447,6.4270,0.0121,0.0020,0.3974,0.1426,12.5303
1030,0.2126,11.0684,4.7491,5.1847,0.0066,4.7112,0.3160,0.1264,16.4725
1031,0.2305,14.5491,0.0412,7.4769,0.0125,0.0015,0.2587,0.0870,15.1665
1032,0.2574,10.8955,10.6060,8.1388,0.0119,10.5475,0.4458,0.1154,22.3200
1033,0.2234,9.6530,0.0354,7.8333,0.0069,0.0015,0.2058,0.9528,11.0705
1034,0.2519,10.7969,2.1962,5.2353,0.0122,2.1578,0.3131,0.1662,13.7242
1035,0.2411,15.0855,0.0348,6.9075,0.0081,0.0018,0.3128,0.1133,15.7875
1036,0.2722,16.7450,0.0446,5.0341,0.0130,0.0020,0.3568,0.1126,17.5313
1037,0.3563,14.1612,2.9824,4.7765,0.0076,2.9398,0.2887,0.1031,17.8916
1038,0.1814,9.5501,0.0390,5.7446,0.0095,0.0019,0.3393,0.0850,10.1949
1039,0.2536,18.0366,0.0418,4.8322,0.0127,0.0019,0.2988,0.0950,18.7258
1040,0.2397,11.0126,8.9865,7.5131,0.0121,8.9459,0.3599,0.1082,20.7070
1041,0.2556,11.3654,0.0349,8.1426,0.0079,0.0017,0.2895,0.0953,12.0408
1042,0.2410,11.0647,6.2713,5.2405,0.0120,6.2340,0.3144,0.0912,17.9825
1043,0.1895,14.1381,0.0483,7.9714,0.0125,0.0021,0.3370,0.1150,14.8279
1044,0.2526,10.0165,12.9581,5.4922,0.0090,12.9176,0.2909,0.0820,23.6001
1045,0.2665,9.4150,0.0522,6.5275,0.0151,0.0027,0.4197,0.1610,10.3144
1046,0.2319,15.0089,1.3550,5.1129,0.0137,1.3066,0.2988,0.1038,16.9984
1047,0.1829,13.2023,7.6107,5.6641,0.0081,7.5765,0.3359,0.0973,21.4291
1048,0.2292,9.9345,0.0522,6.2729,0.0223,0.0020,0.3425,0.1220,10.6803
1049,0.2030,14.9035,0.0300,4.7752,0.0083,0.0014,0.2582,0.0692,15.4639
1050,0.3827,11.0185,6.0376,5.2527,0.0076,5.9907,0.3680,0.0891,17.8960
1051,0.1870,14.7628,0.0612,8.2526,0.0257,0.0026,0.3820,0.1175,15.5105
1052,0.1774,10.5844,10.6510,5.1938,0.0214,10.5636,0.3820,0.0963,21.8910
1053,0.2926,11.4146,0.0480,8.8335,0.0158,0.0024,0.3307,0.0795,12.1654
1054,0.2830,11.1483,6.1885,5.4497,0.0314,6.0320,0.4013,0.1040,18.1250
1055,0.2326,13.1043,0.5886,8.1321,0.0117,0.5444,0.2868,0.1200,14.3324
1056,0.2360,11.1292,5.1162,5.4924,0.0107,5.0674,0.2805,0.0722,16.8342
1057,0.1813,16.2920,0.0366,7.7185,0.0094,0.0016,0.2677,0.0795,16.8572
1058,0.1985,11.0977,8.7466,8.1954,0.0108,8.7129,0.3219,0.0885,20.4532
1059,0.2306,12.6166,0.0315,8.7135,0.0073,0.0018,0.2378,0.0850,13.2015
1060,0.2242,10.8881,10.5346,6.1972,0.0071,10.4937,0.3942,0.1150,22.1560
1061,0.1859,9.6679,0.0339,6.8589,0.0084,0.0015,0.2888,0.0759,10.2523
1062,0.2391,11.3422,2.9410,5.1712,0.0169,2.8875,0.3107,0.0962,14.9293
1063,0.2355,15.7777,0.0273,6.4872,0.0076,0.0015,0.2229,0.0677,16.3312
1064,0.1482,10.8717,7.8228,5.5642,0.0103,7.7808,0.3454,0.0885,19.2766
1065,0.2138,13.3434,0.0416,8.5970,0.0122,0.0015,0.2834,0.0845,13.9668
1066,0.2214,11.1090,7.0391,5.4790,0.0269,6.9782,0.2852,0.0785,18.7331
1067,0.2087,15.2959,0.0607,8.1478,0.0179,0.0013,0.4337,0.1365,16.1355
1068,0.2280,13.7673,1.8753,5.0681,0.0087,1.8365,0.3676,0.1411,16.3794
1069,0.3620,15.4273,0.0500,6.6865,0.0146,0.0020,0.3827,0.1128,16.3348
1070,0.3144,10.5591,0.0442,5.1777,0.0102,0.0022,0.3625,0.1118,11.3920
1071,0.2143,15.7002,6.3940,4.8415,0.0187,6.3058,0.4356,0.1102,22.8544
1072,0.2988,10.5909,0.0408,5.3237,0.0100,0.0024,0.3374,0.1076,11.3755
1073,0.2558,12.0964,7.4364,4.7689,0.0095,7.4005,0.3927,0.1098,20.2911
1074,0.2140,10.9317,0.0333,6.2795,0.0081,0.0016,0.2909,0.0887,11.5585
1075,0.2725,15.3851,0.0470,4.7517,0.0117,0.0021,0.3903,0.1226,16.2175
1076,0.2097,10.4038,11.7823,5.8221,0.0109,11.6996,0.3675,0.1097,22.8730
1077,0.2514,9.4005,0.0564,6.5888,0.0147,0.0037,0.3910,0.1314,10.2308
1078,0.2313,11.2452,3.3499,5.1639,0.0145,3.3017,0.3624,0.0828,15.2716
1079,0.2867,15.6939,0.0475,6.5702,0.0128,0.0024,0.4007,0.1056,16.5344
1080,0.2310,10.2341,9.2935,4.9485,0.0081,9.2530,0.4258,0.1120,20.2965
1081,0.2051,10.0409,0.0532,6.2865,0.0142,0.0024,0.3535,0.0952,10.7478
1082,0.2199,11.0666,4.2304,4.9327,0.0089,4.1924,0.2997,0.0915,15.9080
1083,0.2147,14.8216,0.0567,8.0117,0.0152,0.0026,0.4267,0.1189,15.6386
1084,0.3123,17.1098,0.0388,5.3621,0.0121,0.0007,0.3544,0.1058,17.9212
1085,0.3674,15.0170,0.0401,4.7852,0.0094,0.0017,0.3022,0.0859,15.8126
1086,0.2368,11.2226,6.0292,5.2525,0.0083,5.9912,0.4058,0.1095,18.0039
1087,0.3074,13.3133,0.0461,8.1803,0.0108,0.0024,0.3460,0.1108,14.1236
1088,0.2445,11.2486,7.4233,5.1819,0.0094,7.3790,0.3339,0.0760,19.3263
1089,0.2223,12.3378,0.0450,7.3337,0.0115,0.0020,0.3965,0.0671,13.0687
1090,0.2403,11.2045,5.7463,5.4181,0.0144,5.6925,0.3156,0.0851,17.5917
1091,0.2292,15.5145,0.0366,8.1338,0.0096,0.0018,0.3387,0.1086,16.2275
1092,0.2974,11.1542,6.8294,5.3506,0.0097,6.7792,0.3981,0.1300,18.8091
1093,0.2387,11.9393,0.0344,7.1438,0.0090,0.0015,0.3461,0.1157,12.6743
1094,0.2910,16.7972,0.1132,4.9629,0.0316,0.0133,0.8107,0.1989,18.2109
1095,0.2362,13.6855,4.6275,4.8914,0.0202,4.5638,0.2839,0.1042,18.9373
1096,0.2111,11.3385,1.2948,7.3471,0.0078,1.2592,0.2857,0.0795,13.2096
1097,0.2095,14.0427,5.5066,6.0375,0.0065,5.4744,0.3429,0.1104,20.2122
1098,0.2081,11.3179,0.3209,6.6006,0.0101,0.2813,0.3317,0.0940,12.2725
1099,0.1998,17.9487,0.0414,4.9272,0.0103,0.0015,0.3975,0.1018,18.6892
1100,0.1822,11.5765,23.0797,8.4711,0.0079,23.0436,0.2984,0.0755,35.2123
1101,0.1535,9.5729,0.0488,6.1827,0.0121,0.0022,0.2980,0.1308,10.2040
1102,0.2074,12.2255,1.1218,4.9875,0.0112,1.0781,0.4247,0.1099,14.0893
1103,0.2036,17.5507,0.0426,5.5347,0.0106,0.0013,0.2484,0.0675,18.1127
1104,0.2176,9.4576,22.6824,5.9418,0.0157,22.6372,0.2684,0.0827,32.7087
1105,0.1680,9.2360,0.0362,7.7728,0.0103,0.0017,0.2100,0.1134,9.7637
1106,0.2365,11.3136,1.7125,5.2092,0.0118,1.6656,0.2819,0.0718,13.6162
1107,0.1533,14.5060,14.1118,5.4345,0.0269,14.0549,0.2648,0.0671,29.1030
1108,0.1655,9.4613,0.0326,7.6917,0.0083,0.0014,0.2794,0.0643,10.0030
1109,0.1423,15.4901,0.0258,4.9633,0.0050,0.0012,0.1725,0.0663,15.8970
1110,0.1711,11.5342,7.8425,9.5133,0.0087,7.7979,0.2740,0.0749,19.8967
1111,0.1618,15.3493,0.0344,9.2431,0.0090,0.0018,0.2568,0.1042,15.9065
1112,0.1665,11.3781,9.6517,8.4094,0.0080,9.6128,0.3696,0.1179,21.6838
1113,0.2430,13.6146,0.0313,9.6521,0.0084,0.0010,0.2337,0.0774,14.2000
1114,0.1641,11.1089,7.8443,9.3832,0.0083,7.8043,0.2923,0.0849,19.4945
1115,0.2168,15.8068,0.0330,9.2729,0.0097,0.0015,0.2587,0.0820,16.3973
1116,0.1960,11.2820,6.7900,7.9070,0.0108,6.7487,0.2863,0.0912,18.6454
1117,0.1784,15.5741,0.0372,8.6364,0.0083,0.0017,0.2674,0.0868,16.1440
1118,0.2309,11.2744,8.3479,7.3642,0.0145,8.3039,0.3667,0.0903,20.3101
1119,0.1972,12.6086,0.0566,8.4700,0.0266,0.0023,0.3007,0.0921,13.2552
1120,0.2200,11.0900,11.2431,8.8610,0.0117,11.2032,0.3419,0.0927,22.9877
1121,0.2013,9.6821,0.0406,7.9576,0.0108,0.0020,0.3434,0.0987,10.3661
1122,0.2629,14.2424,0.0426,4.9804,0.0109,0.0023,0.3287,0.1036,14.9801
1123,0.2554,10.3913,11.7188,4.8307,0.0104,11.6703,0.4697,0.1236,22.9587
1124,0.2516,9.4742,0.0531,6.8964,0.0145,0.0027,0.3932,0.1062,10.2785
1125,0.3553,16.7663,0.0334,5.0334,0.0108,0.0015,0.2460,0.0820,17.4830
1126,0.3397,11.6100,11.4168,8.1526,0.0260,11.3147,0.3544,0.1002,23.8210
1127,0.2655,9.6435,0.0365,7.2515,0.0085,0.0019,0.2968,0.1495,10.3918
1128,0.2026,11.5272,8.0431,5.2819,0.0097,8.0032,0.3793,0.1224,20.2746
1129,0.2570,10.7473,0.0492,7.4638,0.0137,0.0023,0.3294,0.0962,11.4791
1130,0.2469,11.2063,10.4485,6.2344,0.0326,10.3502,0.3094,0.0878,22.2989
1131,0.2201,10.1721,0.0375,6.5234,0.0117,0.0014,0.2943,0.0850,10.8090
1132,0.2954,11.1057,2.3773,5.1833,0.0109,2.3385,0.3107,0.1111,14.2002
1133,0.2877,15.2050,0.0407,6.2239,0.0127,0.0018,0.2929,0.0820,15.9082
1134,0.2556,10.9065,9.6130,5.2476,0.0077,9.5808,0.2454,0.0714,21.0918
1135,0.2270,10.7332,0.0300,7.0829,0.0093,0.0012,0.2055,0.0637,11.2594
1136,0.2747,11.1376,4.1746,5.3681,0.0191,4.1205,0.1470,0.0690,15.8028
1137,0.2264,15.0160,0.0841,7.1474,0.0240,0.0029,0.5867,0.2177,16.1309
1138,0.2640,11.0372,4.5783,5.2218,0.0089,4.5390,0.2870,0.0784,16.2450
1139,0.1291,16.6363,0.0435,7.4714,0.0197,0.0015,0.2460,0.0667,17.1216
1140,0.2923,11.0355,4.5988,5.2062,0.0083,4.5583,0.2875,0.0770,16.2912
1141,0.2786,13.5442,0.0375,7.3543,0.0096,0.0018,0.2945,0.0959,14.2507
1142,0.2281,11.0413,7.0072,7.4640,0.0080,6.9670,0.2317,0.0710,18.5793
1143,0.2217,11.9110,8.5534,9.1479,0.0055,8.5263,0.3499,0.0852,21.1211
1144,0.2738,10.1067,0.0390,6.2822,0.0087,0.0007,0.2796,0.0859,10.7850
1145,0.2313,15.0810,0.0447,4.7586,0.0119,0.0018,1.1224,0.3095,16.7890
1146,0.2010,17.4713,0.0452,5.2215,0.0144,0.0020,0.2851,0.0915,18.0940
1147,0.1977,18.2235,3.7363,5.3160,0.0195,3.6444,0.6321,0.4136,23.2032
1148,0.2592,11.9524,0.0793,5.2944,0.0398,0.0027,0.4667,0.1216,12.8794
1149,0.1637,19.3171,0.0808,4.9289,0.0220,0.0021,0.5021,0.1710,20.2346
1150,0.2471,14.0567,11.3499,6.7576,0.0131,11.3024,0.4961,0.1133,26.2631
1151,0.2094,11.7048,0.0327,9.8394,0.0086,0.0013,0.2583,0.0983,12.3034
1152,0.2402,10.9424,7.1146,5.1908,0.0094,7.0702,0.3790,0.1065,18.7827
1153,0.2858,14.3152,6.8218,5.1789,0.0095,6.7832,0.2921,0.0735,21.7884
1154,0.2661,10.8217,1.8435,6.7976,0.0098,1.7954,0.2736,0.0777,13.2825
1155,0.1894,17.3125,0.0301,6.0942,0.0081,0.0013,0.2507,0.0835,17.8663
1156,0.2687,11.1645,7.1175,7.9613,0.0087,7.0618,0.3296,0.0936,18.9738
1157,0.2687,14.6079,0.0383,8.6025,0.0099,0.0019,0.2896,0.0896,15.2943
1158,0.2293,11.0615,6.0780,5.2198,0.0153,6.0272,0.3647,0.1179,17.8514
1159,0.2164,15.6569,0.0433,7.9982,0.0120,0.0016,0.3054,0.0841,16.3060
1160,0.2019,11.7139,8.0318,7.5332,0.0153,7.9712,0.3466,0.1062,20.4004
1161,0.2314,14.0341,0.0485,8.6627,0.0097,0.0018,0.2850,0.0998,14.6988
1162,0.2513,11.3220,6.8466,7.8455,0.0137,6.8022,0.3633,0.0840,18.8671
1163,0.2093,15.0692,0.0380,8.8558,0.0106,0.0015,0.2688,0.0763,15.6616
1164,0.2416,11.0376,7.0863,7.5152,0.0086,7.0410,0.2857,0.0817,18.7329
1165,0.2525,16.2719,0.0820,9.1421,0.0188,0.0028,0.6122,2.5210,19.7397
1166,0.3558,13.2109,0.0950,4.8117,0.0231,0.0025,1.8670,0.2718,15.8005
1167,0.2127,17.6883,0.0882,4.8601,0.0220,0.0029,0.8035,0.1762,18.9690
1168,0.3811,10.1466,0.0312,4.8377,0.0071,0.0016,0.2730,0.0690,10.9009
1169,0.1563,18.7812,0.0292,4.8487,0.0075,0.0014,0.2510,0.0786,19.2963
1170,0.1884,11.1802,9.8568,8.1595,0.0280,9.7540,0.6423,0.1521,22.0199
1171,0.2035,9.2387,0.0324,8.6153,0.0086,0.0016,0.6748,0.1633,10.3128
1172,1.5824,11.5825,0.0448,4.7334,0.0111,0.0025,0.2918,0.0943,13.5958
1173,0.2611,15.7977,0.0975,4.7797,0.0260,0.0024,0.6062,0.2934,17.0560
1174,4.5747,10.1906,0.0355,4.7529,0.0085,0.0013,0.2832,0.0852,15.1691
1175,0.2064,14.5120,6.0888,4.8885,0.0236,2.2043,5.8521,0.1651,26.8243
1176,0.2446,9.0555,0.0315,4.7811,0.0093,0.0013,0.2265,0.0807,9.6388
1177,0.6336,11.3613,0.0520,4.7856,0.0162,0.0023,0.3782,0.0808,12.5059
1178,0.2692,10.9967,4.5510,5.2140,0.0102,4.5050,0.6798,0.1665,16.6632
1179,0.2325,11.5657,0.0854,6.5185,0.0208,0.0025,1.3947,0.5968,13.8752
1180,0.2527,11.9975,2.8391,4.9651,0.0200,2.7510,0.5513,0.1606,15.8013
1181,0.2880,15.3416,0.0784,6.5766,0.0209,0.0025,0.5172,0.1837,16.4088
1182,0.2327,15.9322,0.0410,4.9642,0.0108,0.0015,0.2983,0.0949,16.5991
1183,0.1768,17.7865,0.0883,5.3044,0.0182,0.0023,0.6226,0.1887,18.8629
1184,0.6941,11.5002,0.0366,4.8550,0.0100,0.0017,0.3569,0.0803,12.6681
1185,0.2304,14.3519,8.4343,4.8400,0.0358,8.3009,0.7060,0.2024,23.9250
1186,0.2263,9.4197,0.1008,6.0176,0.0296,0.0027,0.5968,0.4024,10.7462
1187,0.3271,15.7881,0.5825,5.0037,0.0091,0.5345,0.9483,0.1699,17.8158
1188,0.2666,12.9210,3.3710,4.9620,0.0265,3.2765,0.6757,0.2219,17.4563
1189,0.2098,14.4742,0.0472,6.5353,0.0123,0.0023,0.3577,0.1072,15.1961
1190,0.2807,11.1215,6.2953,5.2226,0.0213,6.1280,0.4430,0.1315,18.2720
1191,0.2503,11.6902,0.0455,7.5977,0.0106,0.0021,0.3453,0.0964,12.4277
1192,0.1911,10.8412,0.0878,5.2025,0.0260,0.0030,1.4200,0.0883,12.6284
1193,0.1616,15.4909,5.4798,5.0211,0.0100,5.4365,0.2874,0.1282,21.5478
1194,0.2265,10.7218,11.6015,5.8332,0.0135,11.5534,0.3888,0.0923,23.0309
1195,0.2351,9.1507,0.0418,7.1710,0.0094,0.0027,0.4270,0.0926,9.9473
1196,0.2455,10.0643,19.0242,8.6727,0.0106,18.9865,0.3350,0.0878,29.7568
1197,0.2057,9.2266,0.0400,11.5528,0.0085,0.0017,0.2892,0.0745,9.8360
1198,0.2374,10.9266,3.7113,5.4779,0.0079,3.6784,0.3222,0.0838,15.2814
1199,0.1789,16.3800,0.0321,6.9943,0.0083,0.0015,0.2382,0.0740,16.9033
1200,0.2133,10.5296,9.1388,5.4175,0.0152,9.0947,0.3536,0.0873,20.3225
1201,0.2119,10.8111,0.0307,7.4010,0.0111,0.0014,0.2048,0.0693,11.3278
1202,0.2316,11.4795,5.6476,5.3855,0.0179,5.5959,0.3021,0.0791,17.7399
1203,0.2258,11.0198,6.0903,7.6499,0.0155,6.0403,0.3870,0.1287,17.8515
1204,0.2262,11.6523,0.0475,6.5253,0.0098,0.0022,0.3485,0.1070,12.3815
1205,0.2227,17.5417,0.0295,4.7825,0.0070,0.0015,0.3102,0.1070,18.2111
1206,0.2290,11.1977,5.9030,5.1815,0.0121,5.8593,0.3706,0.1030,17.8033
1207,0.2645,13.4263,0.0317,7.3125,0.0068,0.0016,0.2248,0.0782,14.0254
1208,0.2055,10.2450,12.0970,5.3835,0.0116,12.0548,0.3319,0.1253,23.0047
1209,0.3253,10.1861,0.0486,6.7642,0.0150,0.0020,0.3130,0.1012,10.9742
1210,0.2341,11.1580,4.6217,5.3400,0.0330,4.4773,0.7013,0.2888,17.0039
1211,0.2707,13.4468,1.5732,7.2899,0.0238,1.3170,0.5446,0.1700,16.0053
1212,0.2553,11.0850,2.0113,4.9325,0.0091,1.9743,0.2690,0.0768,13.6974
1213,0.3444,14.4841,4.4490,6.0947,0.0143,4.3927,0.3412,0.1135,19.7323
1214,0.3565,10.4677,2.3009,5.7881,0.0109,2.2648,0.2605,0.0869,13.4725
1215,0.2268,19.7261,0.0756,5.4235,0.0171,0.0025,0.5413,0.1667,20.7365
1216,0.2822,10.6632,6.9599,5.5962,0.0132,6.9183,0.3109,0.0938,18.3099
1217,0.1694,13.9481,6.1792,6.4837,0.0124,6.1306,0.3797,0.0875,20.7639
1218,0.2727,9.9178,4.1992,6.4295,0.0121,4.1480,0.2875,0.0910,14.7682
1219,0.2083,10.9093,7.5682,5.9435,0.0118,7.5152,0.3140,0.0882,19.0880
1220,0.2115,10.8645,0.0355,6.2405,0.0096,0.0014,0.3163,0.0873,11.5150
1221,0.1989,12.8930,3.9432,4.8809,0.0131,3.8994,0.3042,0.1436,17.4829
1222,0.1650,11.0292,15.9795,11.5861,0.0096,15.9371,0.3404,0.0793,27.5935
1223,0.2460,9.5257,0.0285,10.9580,0.0090,0.0015,0.1921,0.1109,10.1031
1224,0.2128,11.1986,3.0980,5.2470,0.0066,3.0652,0.2718,0.0777,14.8589
1225,0.1948,16.4697,0.0354,6.4762,0.0090,0.0018,0.2478,0.0709,17.0187
1226,0.2232,11.1691,6.3985,8.3943,0.0158,6.3513,0.3243,0.1141,18.2293
1227,0.1915,18.8738,8.0665,5.3455,0.0108,8.0302,0.2749,0.0776,27.4843
1228,0.2282,10.8614,0.0272,6.4109,0.0057,0.0019,0.2423,0.0693,11.4283
1229,0.1783,17.6962,0.0538,5.2650,0.0083,0.0019,0.2418,0.0764,18.2466
1230,0.2387,10.1592,13.7880,7.8877,0.0075,13.7498,0.3213,0.0892,24.5964
1231,0.1721,9.1132,0.0365,6.4217,0.0083,0.0019,0.2744,0.0824,9.6787
1232,0.2078,10.9445,1.6993,5.1730,0.0064,1.6664,0.2651,0.0810,13.1977
1233,0.2248,16.9206,0.0310,5.8410,0.0080,0.0015,0.2501,0.0773,17.5038
1234,0.1897,10.9020,6.7356,6.9518,0.0067,6.7067,0.3150,0.0760,18.2182
1235,0.1965,14.6244,0.0300,8.6631,0.0072,0.0015,0.2398,0.0798,15.1704
1236,0.2523,11.0251,6.4398,6.1184,0.0097,6.4029,0.3773,0.0846,18.1791
1237,0.1994,15.3775,0.0316,8.4844,0.0074,0.0016,0.2636,0.0789,15.9509
1238,0.2087,11.2024,7.0082,7.3276,0.0063,6.9650,0.3461,0.1172,18.8825
1239,0.2614,12.3851,0.1555,8.7709,0.0187,0.0030,0.5838,0.1668,13.5527
1240,0.2636,11.6584,4.5644,5.1929,0.0111,4.5175,0.2751,0.1631,16.9246
1241,0.2464,14.9673,0.0365,7.2911,0.0083,0.0013,0.2796,0.0755,15.6052
1242,0.3213,11.3987,6.0766,7.4873,0.0112,6.0326,0.3155,0.0899,18.2019
1243,0.2741,11.1560,13.8820,5.4181,0.0137,13.8385,0.2810,0.0732,25.6663
1244,0.1875,9.0943,0.0295,7.3315,0.0082,0.0016,0.2051,0.0862,9.6026
1245,0.2103,14.3938,0.0368,5.8271,0.0090,0.0017,0.2546,0.0922,14.9878
1246,0.3492,10.9562,10.3728,8.2213,0.0102,10.3320,0.3977,0.1108,22.1868
1247,0.4325,9.1725,0.0425,7.9236,0.0095,0.0025,0.3221,0.1058,10.0755
1248,0.2480,11.3479,4.0871,5.5699,0.0089,4.0415,0.3840,0.0847,16.1517
1249,1.9662,12.9404,2.6773,7.1097,2.6142,0.0298,0.2944,0.0810,17.9593
1250,0.2231,13.8908,0.0745,5.3939,0.0197,0.0024,0.9580,0.0755,15.2218
1251,0.9438,14.0215,0.0786,5.1645,0.0200,0.0024,0.6141,0.9601,16.6180
1252,0.1637,11.4600,11.6453,5.6143,0.0293,11.5465,0.2757,0.0815,23.6262
1253,0.1204,11.3840,0.0331,7.2790,0.0114,0.0015,0.2407,0.0656,11.8437
1254,0.1833,11.0967,4.8713,5.1868,0.0120,4.8342,0.2791,0.0951,16.5255
1255,0.1658,16.6675,0.0445,7.6057,0.0132,0.0014,0.2755,0.0967,17.2500
1256,0.2236,16.8625,0.0510,4.9782,0.0146,0.0017,0.2816,0.1000,17.5186
1257,0.1802,14.7901,3.7219,4.9088,0.0094,3.6863,0.3125,0.0962,19.1008
1258,0.1557,11.3064,15.4128,12.7899,0.0087,15.3719,0.2898,0.0847,27.2495
